,count,mean,std,min,2.5%,50%,97.5%,max,P,Geweke
a_Intercept,3000.0,2.150634594834573,0.17628621859882201,1.538824286994423,1.8410466540481623,2.138284872330517,2.5232457177091216,2.8496237953743897,0.0,-1.7207648287402484
a_Intercept_std,3000.0,0.8637107671749251,0.09082643037376914,0.5649548595330721,0.6725950028762756,0.8753203959080219,0.993692382093751,0.9998122419704183,0.0,1.7048116809528062
a_Intercept_subj.101,3000.0,2.1196562829074947,0.034800756680818945,2.001964789200712,2.0494646148842524,2.12038757987729,2.192267461576032,2.248235432747866,0.0,-2.528057115589583
a_Intercept_subj.103,3000.0,0.9432008311814831,0.04371389247630719,0.831720818962093,0.8649365876123866,0.9410238536637612,1.0409552752847104,1.1278163131592016,0.0,12.415936589092773
a_Intercept_subj.104,3000.0,2.003061665372264,0.03761934010297304,1.8914127028729715,1.9284710129359186,2.0035301713388973,2.079779955861425,2.117799042201396,0.0,-0.47447861496221616
a_Intercept_subj.105,3000.0,0.8427625339627463,0.01696274345035279,0.786228537323193,0.8095154721598765,0.8433373733723695,0.8750641349439047,0.908968281839832,0.0,-4.0235031854055014
a_Intercept_subj.107,3000.0,1.8856927237971592,0.06389449466118952,1.665857584534359,1.761806909027375,1.886520623001289,2.0122252398094354,2.112432164705543,0.0,3.7387053644024952
a_Intercept_subj.108,3000.0,2.046928500336234,0.026986470145862675,1.9534920495742996,1.9925494805086998,2.04745555691387,2.1029014513188917,2.135997612073422,0.0,-2.144021570886453
a_Intercept_subj.110,3000.0,2.0385836333411866,0.034333508076623255,1.9336846081523493,1.9714700737626882,2.039450684336714,2.1068358741518423,2.148372625410265,0.0,1.6765795957668872
a_Intercept_subj.112,3000.0,1.1452955259996314,0.06331906227275517,0.9959790584770264,1.0370488969198248,1.139915966443266,1.2894251578787528,1.3658153858507547,0.0,-2.3489514827197855
a_Intercept_subj.117,3000.0,2.0687776483990774,0.03280397477482963,1.9699718526351953,2.006949948522068,2.0681564792278397,2.135024568294172,2.1890650941950485,0.0,4.4366298227601
a_Intercept_subj.118,3000.0,1.9673816017125791,0.04714765131603404,1.8289484508937437,1.8810709763145337,1.9667391452929563,2.0628508802335297,2.1312747406689554,0.0,-5.80919018603913
a_Intercept_subj.120,3000.0,2.562437391439335,0.14201850160753338,2.1586696086820263,2.274916384864626,2.585432659630792,2.7785650158392614,2.819493336049219,0.0,14.757703491313219
a_Intercept_subj.121,3000.0,1.1119966842043105,0.060070732563615385,0.9367613996370477,1.0062870965501571,1.1057357107681756,1.2449515404870726,1.309019870475761,0.0,-8.371726614703412
a_Intercept_subj.122,3000.0,0.8947332289511897,0.03534970154578201,0.7761468190421078,0.8206249596318935,0.8961704758635817,0.9628782556828236,1.0013749074296867,0.0,4.662807745704081
a_Intercept_subj.124,3000.0,2.061048914133319,0.0838150508757775,1.768351141907841,1.845622966060737,2.070337343033253,2.191743424322289,2.254666878293518,0.0,-7.452829890468742
a_Intercept_subj.125,3000.0,0.7286778792784193,0.04558639181468885,0.5975124983370207,0.6494199161440599,0.7251707877017448,0.8231678514107017,0.8908984798484038,0.0,-10.486484887773141
a_Intercept_subj.132,3000.0,1.979035124051662,0.08100340935665308,1.6760921323830145,1.8082400969812065,1.9839956525140297,2.1355189848403513,2.235976285209848,0.0,-0.8334033867654183
a_Intercept_subj.134,3000.0,2.634455579975871,0.07681629345179747,2.335054263727364,2.463756776988698,2.6410673471433546,2.7574276438811176,2.7983977577900614,0.0,4.406201313569752
a_Intercept_subj.135,3000.0,1.47873397961987,0.18480365722980094,1.0876365222455473,1.1765260720163715,1.4492386339070806,1.9887413106475815,2.1412326916286624,0.0,-11.870009372851133
a_Intercept_subj.136,3000.0,1.6122229121703104,0.1593806809957985,1.1365052674778644,1.3038242314271036,1.635431015387153,1.8480980389583948,1.9253211352300128,0.0,-9.697106146674914
a_Intercept_subj.137,3000.0,2.00749535214527,0.036637744064067376,1.876331123223562,1.9388168963711039,2.006462074651579,2.0813686327311913,2.1431995624372284,0.0,-2.919471639068906
a_Intercept_subj.138,3000.0,1.2464893418611522,0.1652043575141142,0.9642384955422696,1.0294109891973626,1.2013683697076019,1.6425784953001585,1.8213972505552167,0.0,-14.021411288760373
a_Intercept_subj.139,3000.0,2.1918451184440535,0.0913635633374218,1.9185978098539325,1.9842059093686473,2.196171510623299,2.351881339124817,2.4131995502611363,0.0,14.709671481746085
a_Intercept_subj.140,3000.0,0.5437626037248919,0.0285656320999029,0.46758136900622316,0.49332244549505855,0.5433748306785706,0.6024639397241216,0.6638643171133337,0.0,7.467038093166837
a_Intercept_subj.253,3000.0,2.8007612363079524,0.03707351577464006,2.6509700810795502,2.7170862688037216,2.8046611741799587,2.862256229404539,2.9119707048524544,0.0,4.516459796415576
a_Intercept_subj.254,3000.0,0.8702101478437498,0.04042213967689051,0.7421527056874742,0.7951047178260316,0.8695765351892037,0.9566363458739747,1.004548700540024,0.0,-9.986756206345119
a_Intercept_subj.255,3000.0,1.4892959367630665,0.18398569271989978,1.1515511890640173,1.2162654692520556,1.4622326699366246,1.839109240501528,1.9430339965582715,0.0,-34.366246353614
a_Intercept_subj.256,3000.0,2.5860523826437727,0.08371000047885808,2.3026728328066777,2.38992896091458,2.5954748028778534,2.7174962098520403,2.776211629568913,0.0,-3.609187773644148
a_Intercept_subj.257,3000.0,2.407511618297114,0.08640472190133548,2.19078587645333,2.242888621572792,2.406890393574387,2.576666606435662,2.6792135341035612,0.0,-6.075720756543222
a_Intercept_subj.258,3000.0,1.9317792082796392,0.07354614304825996,1.6793972628400766,1.7627653132280332,1.9352793651855187,2.0620145772379823,2.128413167539542,0.0,1.4319369783968934
a_Intercept_subj.259,3000.0,1.5511424259958566,0.03907501994098674,1.403513385262936,1.47684971469524,1.5521569187829267,1.6240709114031717,1.6783239019909493,0.0,1.9179939539608826
a_Intercept_subj.260,3000.0,2.5625038851773154,0.06346519831820659,2.355352183994278,2.4424968381503036,2.5633070906669864,2.671235775056889,2.7126483555250163,0.0,-3.932863331778765
a_Intercept_subj.262,3000.0,2.6357332492282284,0.07645376558832255,2.3260508792125587,2.4787889019181466,2.6436121121839715,2.7608873658497344,2.799861809981468,0.0,-3.7380222287286675
a_Intercept_subj.263,3000.0,0.878522383332104,0.041591363424050905,0.7600479805765598,0.8061073800866481,0.8755777256109692,0.9711775427560856,1.0275265790539163,0.0,-7.718320299423703
a_Intercept_subj.264,3000.0,2.6534243212172064,0.06404966636523032,2.386103163823933,2.515135768781331,2.6627010059011553,2.7540543150075116,2.796345523651855,0.0,9.934595208189442
a_Intercept_subj.265,3000.0,1.1582488847793744,0.08403370285225387,0.9531644785702497,1.0190249726479177,1.1436434892506453,1.3662665747550558,1.4215194550798518,0.0,13.044034050670291
a_Intercept_subj.266,3000.0,2.182916551420255,0.05076268323684339,2.011640800291253,2.0825807408106938,2.183094311484424,2.2811549028696207,2.330584614119865,0.0,-7.94188621182403
a_Intercept_subj.267,3000.0,2.577269102396786,0.0860710419375116,2.3307692550127523,2.385486128538259,2.588757868666473,2.724894824405465,2.7911902402498963,0.0,8.995438193251223
a_Intercept_subj.268,3000.0,1.8306065155546618,0.09139959934948096,1.5674528333574356,1.612163951142849,1.8403361194305243,1.97782010058617,2.039969234006468,0.0,-1.3577674240220203
a_Intercept_subj.269,3000.0,2.193837981959995,0.08985029657508771,1.8775176182151294,1.9907759049709952,2.1941514401071815,2.3518608316880925,2.422010536555524,0.0,-11.780733900157964
a_Intercept_subj.270,3000.0,1.6360454284109485,0.18677641311055448,1.2828890407782543,1.3614209226626262,1.6076485379389691,2.00912854820649,2.11935055256129,0.0,-44.20371055545198
a_Intercept_subj.271,3000.0,2.7120565552793776,0.05421579086417029,2.527822262154,2.6000562396070217,2.7192652691416623,2.798858788655142,2.840397167025155,0.0,2.719179974087493
a_Intercept_subj.272,3000.0,2.1739563923849645,0.07343099495039702,1.9267612495345514,2.0138679169660536,2.171750567921113,2.325076612884684,2.42220943798773,0.0,11.192154350963484
a_Intercept_subj.273,3000.0,2.5068735127404786,0.13267582041471176,2.052437529301504,2.128558764798082,2.5355052465341084,2.6897558257575467,2.7253147332931147,0.0,9.758309528019186
a_Intercept_subj.274,3000.0,2.1291208928340675,0.061064175231289715,1.9508537089659688,2.0107246301794857,2.130268819437346,2.2443849068426003,2.3249312496349868,0.0,-7.963526009703664
a_Intercept_subj.275,3000.0,1.353192101979266,0.12740344291596692,1.0703130382257549,1.1402849525150494,1.3470815408394752,1.5997141728349846,1.7395188832551833,0.0,15.788820299336164
a_Intercept_subj.276,3000.0,2.43929236314946,0.10724277085127863,2.0943309385852524,2.2178238847297953,2.4421276336572912,2.6282513557397755,2.703521555721472,0.0,4.686499685379711
a_Intercept_subj.278,3000.0,2.66173076541691,0.08583032561858213,2.40526023555815,2.482656535890358,2.662968127248666,2.823943870507612,2.9038049881624435,0.0,-8.238812018326913
a_Intercept_subj.281,3000.0,2.5592634379268544,0.09846057674891716,2.2285185839024826,2.365033555632294,2.56157014181422,2.75018217548013,2.8481108485034454,0.0,4.457212366583397
a_Intercept_subj.282,3000.0,2.5491511837300007,0.05644701201681996,2.3483325659639585,2.4054165206927376,2.553949362761759,2.6418297648740756,2.670930987631399,0.0,-13.547582271791553
a_Intercept_subj.283,3000.0,2.750464504146957,0.05156700504384028,2.5383493374456862,2.627783531287211,2.754798499868259,2.840976052914413,2.8785642154765236,0.0,-1.7345002785040158
a_Intercept_subj.284,3000.0,2.3526982184808705,0.08818358039046859,2.146384070915363,2.202579117914067,2.350049346234531,2.5304925166282337,2.6274837152981987,0.0,-8.94840963752566
a_Intercept_subj.285,3000.0,1.9817895374478367,0.13731313088041164,1.6775901279955607,1.7514284769624022,1.9595309153993792,2.2987663945251526,2.3871740170176117,0.0,-10.428475391696209
a_Intercept_subj.286,3000.0,1.0316261242811684,0.05184821808010003,0.8965846154927211,0.9395548936884479,1.0296175765640507,1.1369609229148676,1.1805764998246815,0.0,-2.454056555667591
a_Intercept_subj.287,3000.0,2.1362465212807207,0.09713430040584206,1.7074740131303,1.8962642959789358,2.139434997480607,2.3014801575629793,2.4224658328345288,0.0,-0.9054510063970593
a_Intercept_subj.288,3000.0,2.1852446497053597,0.0654827133498397,1.9762393799191784,2.0461812871156355,2.1857674081325147,2.3095551418995517,2.3929139331377125,0.0,-0.40919894301477255
a_Intercept_subj.289,3000.0,2.3411562780476833,0.07904527776139679,2.1411576590687207,2.2111564770748267,2.3341416056883326,2.510355478872806,2.5919307205813826,0.0,-9.462444879242543
a_Intercept_subj.290,3000.0,1.8196965616298708,0.18452996973386193,1.150197897898571,1.3101814917442824,1.8772598005095555,2.046686344961932,2.120226323731233,0.0,13.16654781858949
a_Intercept_subj.291,3000.0,0.6737001537380972,0.045825699818653656,0.5432318426455706,0.5761533331230726,0.6718672145158882,0.7670573610130776,0.837551271401874,0.0,3.9886923412157644
a_Intercept_subj.292,3000.0,2.7463316489237726,0.04893109998193868,2.5144598552656405,2.6288457672645382,2.75367873228216,2.817606860991331,2.870890661600777,0.0,-4.687360775705229
a_Intercept_subj.293,3000.0,2.7092684380644525,0.0571967084946589,2.5031939633301605,2.5842566094278423,2.716132905274077,2.8002389744434395,2.849047689114506,0.0,3.5876778450406834
a_progress_c,3000.0,0.15873574830250103,0.010504064917939766,0.12190774358636418,0.13678402798366557,0.15856344006618597,0.17901540735001745,0.19690089532361343,0.0,-12.33389282065942
a_progress_c2,3000.0,-0.09724730360401199,0.012389672049197564,-0.14147881726550476,-0.1217332381679718,-0.09708868726123945,-0.07355397402115843,-0.057113337947429024,0.0,9.410503500932032
a_showprog_c,3000.0,0.007986427693957009,0.004956269912188628,-0.007845600582091723,-0.001881065182628979,0.008146363418102081,0.017694615705049554,0.024708863277168563,0.06133333333333333,1.1119762979253867
a_showprog_c:progress_c,3000.0,-0.0860942262909544,0.011804190067426024,-0.12502504120368954,-0.10997413006501455,-0.08592960558815887,-0.06353492856113745,-0.0489443657262682,0.0,1.1689392633110947
a_showprog_c:progress_c2,3000.0,-0.18726329405704184,0.014109646549929576,-0.23428297765311545,-0.21537676014837984,-0.18733032792455967,-0.15995037958790978,-0.14322332088084638,0.0,-2.7073701756364406
t_Intercept,3000.0,0.013577585296762241,0.011161014268573468,0.0010026599261630225,0.001343343345729586,0.010641856622221245,0.04274455826278107,0.07988170857995312,0.0,-0.3181597093747693
t_Intercept_std,3000.0,0.16248827932075302,0.016211322678754667,0.11970907008367465,0.13456391048343494,0.16126108906134268,0.19839664156121622,0.23556642469841316,0.0,1.1932890915785115
t_Intercept_subj.101,3000.0,0.0017607112331024988,0.0005958298226310335,0.0010019812117508012,0.0010762119322645697,0.001602306873286546,0.0033442499535978453,0.006786846447150059,0.0,0.2750140735645866
t_Intercept_subj.103,3000.0,0.27525060606355534,0.008025682162255405,0.24207651448306808,0.2577955407985124,0.2755219913201846,0.28921588614358296,0.2972595558937238,0.0,-13.735226729782273
t_Intercept_subj.104,3000.0,0.001723161133465967,0.0005591550274606149,0.0010014797500870337,0.0010639751428006639,0.0015815233045379253,0.003155831706618896,0.005101439461002616,0.0,1.8575020436862766
t_Intercept_subj.105,3000.0,0.0014280311890340822,0.00029892246495587943,0.0010000895435326894,0.001040331075748143,0.0013583833948704197,0.0021727065476924786,0.003415898516772358,0.0,1.1236657011769016
t_Intercept_subj.107,3000.0,0.25498937190142534,0.014092654103420294,0.1994406907170378,0.2251328293047662,0.2552785368690015,0.2802139950581263,0.29879424871798527,0.0,-2.9886343783392455
t_Intercept_subj.108,3000.0,0.0017193725814331942,0.0005725464329180836,0.0010054819011656403,0.0010877439257062254,0.0015705173188401676,0.003252769193623832,0.005604597221498723,0.0,-3.710885488391457
t_Intercept_subj.110,3000.0,0.0015618063082230096,0.00042300953235468894,0.0010034934083225323,0.0010600469284933825,0.0014608746243462835,0.0025981447662118094,0.0048608323550718355,0.0,0.003166587313966336
t_Intercept_subj.112,3000.0,0.21132662210370548,0.01208472859485424,0.16451095889498857,0.1847220870510187,0.21230372161397998,0.23255824571123745,0.2399355259382599,0.0,1.1191646123250178
t_Intercept_subj.117,3000.0,0.0026594170792030862,0.0014458124744356625,0.0010175763995872332,0.0011507489407911358,0.0022317435496858906,0.006708344373313438,0.010292501926987857,0.0,-1.546275273833182
t_Intercept_subj.118,3000.0,0.0030794756227180706,0.0022434465352183927,0.00100192277331899,0.0011498329409861494,0.002426717885728318,0.00880076186574132,0.02349722338364366,0.0,-0.11600064628810618
t_Intercept_subj.120,3000.0,0.008390517279040248,0.007539155513393964,0.0010437539253132372,0.0013193727934814204,0.005950618043064572,0.028820630696841893,0.05552967913640352,0.0,-3.1533561032822415
t_Intercept_subj.121,3000.0,0.2635720552231273,0.009889738419569645,0.228566266880146,0.24095736948932375,0.26434223130437207,0.28084793567532335,0.29175993258948685,0.0,8.20739391120646
t_Intercept_subj.122,3000.0,0.33592515736362843,0.006047832300945421,0.3106965957907358,0.3234949555861752,0.33596759448478186,0.3473452866009095,0.3601225339820079,0.0,-5.05844542624466
t_Intercept_subj.124,3000.0,0.22208456012524744,0.01712345190798651,0.1812155233760824,0.19264188090660683,0.22039084827098762,0.26127420420710273,0.27370251678361734,0.0,8.833284718160117
t_Intercept_subj.125,3000.0,0.409217701680983,0.005548405713729801,0.39284897963386584,0.39809537655366567,0.40935658617133786,0.419530002416245,0.42623784546215654,0.0,7.6296184105877645
t_Intercept_subj.132,3000.0,0.2522013363078689,0.01099443829389545,0.20790875094198658,0.2298917265991151,0.2520730714112748,0.2727882582022773,0.2831757399343781,0.0,-1.05522506751753
t_Intercept_subj.134,3000.0,0.018415410873988305,0.01288031197031805,0.0010479775560550263,0.0017662699711383958,0.015786172767626158,0.04849198543304098,0.0630166599424493,0.0,0.7624662281628669
t_Intercept_subj.135,3000.0,0.20393425023246486,0.031458713049471,0.07706609837877414,0.12051177351126768,0.2090135353906566,0.25840239782096897,0.27505845545678675,0.0,11.042589186179491
t_Intercept_subj.136,3000.0,0.3014902551275467,0.020521240036590425,0.24849349186907602,0.26538482496358323,0.30164983364007464,0.3370464789461557,0.35715047014395895,0.0,8.512140743621838
t_Intercept_subj.137,3000.0,0.003155303101391372,0.0019248997790227342,0.0010008053375859093,0.0011608920585792553,0.0026204496558179177,0.00816717511254828,0.019418609436448596,0.0,-2.1025654128680182
t_Intercept_subj.138,3000.0,0.30280015283231726,0.018519656170788178,0.24238663580888975,0.25886923629453806,0.30752081322259295,0.32864030756669393,0.3356979798315684,0.0,13.594054918269636
t_Intercept_subj.139,3000.0,0.1638674411336316,0.019392730044110677,0.11304084156758508,0.12562405638107996,0.164795681734351,0.20184029677377427,0.22488572020159167,0.0,-14.482002574160319
t_Intercept_subj.140,3000.0,0.3477494357326425,0.006096656581778997,0.32597411094541684,0.335445878845455,0.34750117841771744,0.35907418072645797,0.3644718601636489,0.0,-8.391942232737414
t_Intercept_subj.253,3000.0,0.00581479737935066,0.004482325065819037,0.0010745398278734306,0.0013290363729252237,0.004404207294078704,0.017746330093789574,0.032897231103381816,0.0,-5.383110240047919
t_Intercept_subj.254,3000.0,0.25970794783083745,0.006556582737723131,0.23557390854551005,0.24653024111897925,0.26004209449041593,0.27199517274385027,0.27840004851966244,0.0,7.37132813330462
t_Intercept_subj.255,3000.0,0.07078353268783757,0.03387354742644835,0.001444380819078244,0.007364539460746582,0.07557418309835254,0.12235848126998213,0.13945426577733674,0.0,34.31947600216848
t_Intercept_subj.256,3000.0,0.015883683679718232,0.012058899261440784,0.0010447824264749202,0.0018483236325367415,0.012714742848168311,0.04668174238581303,0.05710753235340056,0.0,6.6818089689286975
t_Intercept_subj.257,3000.0,0.005034003632427417,0.0037926613360503695,0.0010212516049090468,0.0013279481172620421,0.0038194695109778063,0.014953973805854436,0.02898958363704758,0.0,2.875097346249815
t_Intercept_subj.258,3000.0,0.014646650031401509,0.010453456235445285,0.001049836575466587,0.0017047496996403092,0.01241291312319303,0.04106443837860064,0.060919137392390715,0.0,-0.12162642036638506
t_Intercept_subj.259,3000.0,0.002497923379714362,0.0012408876603327904,0.0010401166108853191,0.0011768332772616522,0.0021206627801539438,0.005780440505045621,0.009727395560637269,0.0,-2.0585400675280763
t_Intercept_subj.260,3000.0,0.009273335253741627,0.006966224359712675,0.0010626025296878632,0.0014332517935113217,0.007352600449752772,0.0270509758121927,0.03371170209648863,0.0,1.320171345218921
t_Intercept_subj.262,3000.0,0.02605070377837844,0.014443268020199716,0.001209403629191069,0.003441171014612001,0.024552092722442992,0.057442988026615883,0.08058142269303624,0.0,6.09260702691142
t_Intercept_subj.263,3000.0,0.3029915019827115,0.006562272411452544,0.2801548537239601,0.2890337066790511,0.3032602179590733,0.31502215424720936,0.3204290241986844,0.0,6.2676822313262734
t_Intercept_subj.264,3000.0,0.013437573182525135,0.009980673648289324,0.0011008077607782937,0.001631673419554473,0.011060521618085043,0.03592393754471606,0.06298198470263898,0.0,-5.076335603306984
t_Intercept_subj.265,3000.0,0.3105186999506967,0.012763266323969034,0.2591329678348628,0.2796694243551195,0.31283803775625,0.33095977874834204,0.3412638060312545,0.0,-8.302965756372808
t_Intercept_subj.266,3000.0,0.006800022416156265,0.004756040045833609,0.0010670823557553432,0.0013391890354741995,0.005563964227345422,0.01816147105709103,0.028542129937982046,0.0,8.254326007032235
t_Intercept_subj.267,3000.0,0.010927548822948675,0.008879989713762495,0.0010937556348811625,0.0015132678456206787,0.008430535174217688,0.03541254169548788,0.04741726950588855,0.0,-0.6818536374133741
t_Intercept_subj.268,3000.0,0.01987413972361734,0.015043999856575127,0.0011562502318905143,0.001965142788611026,0.015278864856782062,0.05622904031641454,0.07030788541355584,0.0,2.2853571189522306
t_Intercept_subj.269,3000.0,0.015422976407345617,0.011713222257909028,0.0010557186928643754,0.0016781555004490455,0.012453016062977305,0.044187897129859786,0.06558458719228223,0.0,7.5717028234280415
t_Intercept_subj.270,3000.0,0.14145520930896496,0.028593695595024626,0.061967279183842996,0.08421208436566499,0.14447267317140017,0.18520077691163653,0.2029787673449459,0.0,42.39155227998876
t_Intercept_subj.271,3000.0,0.00642110626703286,0.004576244594113848,0.0010528789096565516,0.0013848166575626205,0.005159787623706943,0.018416516311835416,0.030918063316904037,0.0,1.2118229092592478
t_Intercept_subj.272,3000.0,0.00777452757700989,0.006696074489053729,0.0010549655456944702,0.001355956480831671,0.005775096021472829,0.025075206739288543,0.054949943534086484,0.0,-8.333316410510836
t_Intercept_subj.273,3000.0,0.023159330776824125,0.0193498595208071,0.0011013498267386443,0.0020512786182391076,0.017754790284733916,0.07971402589080528,0.10124882456852112,0.0,-8.197150778085533
t_Intercept_subj.274,3000.0,0.009181502989152698,0.00771184067581472,0.0010580329728808403,0.0013566985657173368,0.006709263735550973,0.029760946943132596,0.049081323667680844,0.0,7.267999555719357
t_Intercept_subj.275,3000.0,0.22315961253577224,0.020852870266046552,0.16042295844408905,0.18019405910973044,0.22551942132650057,0.25731299028462956,0.2757700506502563,0.0,-15.024817899901672
t_Intercept_subj.276,3000.0,0.011220077206247694,0.009928416378632596,0.001056634860691474,0.001456994178654246,0.007822479636651742,0.0401420837697119,0.056933835912177544,0.0,-7.485226770590378
t_Intercept_subj.278,3000.0,0.050138453236974606,0.022907831467313615,0.0012278547925697984,0.007364171623737446,0.04989584460756595,0.09574234385344031,0.11972080868673063,0.0,8.910210372605514
t_Intercept_subj.281,3000.0,0.06051811521991178,0.019348874503220946,0.004207154347693651,0.019860956361094643,0.06142150927435684,0.09601695421933006,0.11499728832937683,0.0,-3.7730994143636236
t_Intercept_subj.282,3000.0,0.0039702171433283,0.0029744519996804234,0.0010351445376075047,0.001273448178867518,0.0030542408741047397,0.011949756894718848,0.028802419606786034,0.0,9.185109642154831
t_Intercept_subj.283,3000.0,0.017639542600839334,0.010788141268052125,0.0010967327323088115,0.002050115243758333,0.016452883835254683,0.04128350832535854,0.05689174461472611,0.0,0.802708473506447
t_Intercept_subj.284,3000.0,0.007838245330912636,0.005967959151527414,0.0010468490129036934,0.0013830469910149892,0.00618520637070053,0.022557230565603804,0.039185626368322506,0.0,3.2933799539269275
t_Intercept_subj.285,3000.0,0.0494960662842274,0.020323222730112122,0.0013533113908697511,0.005491992454966952,0.051197773792634474,0.08529098256414414,0.10723485798624506,0.0,11.15252683152366
t_Intercept_subj.286,3000.0,0.23968109633301246,0.00873725920046423,0.20982708000960398,0.22200441513313293,0.24029072702516274,0.2552521611125545,0.26596110371059833,0.0,1.7459147276385798
t_Intercept_subj.287,3000.0,0.015331591697453482,0.012830502752986915,0.0010931692963204835,0.0016604504103217557,0.012410427679048633,0.051200121200723814,0.09113621413899346,0.0,-1.0883085202791192
t_Intercept_subj.288,3000.0,0.007642619808444185,0.006028241202564132,0.0010582108405592385,0.0013865825000152602,0.005958611051497474,0.023065834614450793,0.04177990878130562,0.0,4.504338679585989
t_Intercept_subj.289,3000.0,0.00513359209319434,0.003714653106341265,0.0010279339229818131,0.0013069374568164312,0.003978479135466822,0.014999325678205052,0.02795874145618184,0.0,1.7591455300734913
t_Intercept_subj.290,3000.0,0.2359302734267009,0.02668608192250319,0.1828551449717741,0.1963719719824963,0.23065195068134026,0.31010863834984453,0.33025570969615814,0.0,-11.126549984871922
t_Intercept_subj.291,3000.0,0.29984995741986853,0.007256474616969808,0.27347324280925867,0.28490848190947743,0.3003291315829857,0.31358035878869145,0.32069850373434267,0.0,-6.136616915056646
t_Intercept_subj.292,3000.0,0.013249938228687431,0.010313588234821905,0.0011687461760423751,0.0016498656725150455,0.010348063304760936,0.03938435636371297,0.05678980424514842,0.0,6.078835735831058
t_Intercept_subj.293,3000.0,0.016723791452127743,0.01167927765407721,0.001079546300830407,0.001708499852944033,0.014436802340223816,0.04548762275238508,0.06640345086680277,0.0,-3.5830423797640645
t_progress_c,3000.0,8.723617857556024e-05,0.0003578583396974019,-0.001373790871486246,-0.0005949461736226376,6.833631203178174e-05,0.0008252872578626114,0.0013338339455828553,0.4236666666666667,-0.6756529212618907
t_progress_c2,3000.0,0.00021854716996367536,0.00040256112317981407,-0.0009523747255121568,-0.000557149096225235,0.00019761500687074708,0.0010963828340764196,0.002047078900338506,0.2816666666666667,1.6100403637240717
t_showprog_c,3000.0,-0.00015767278101969098,0.0002741376354574643,-0.0014895168667704375,-0.0007562044610836963,-0.00013826076885193735,0.00033179892725045086,0.0007736644684405032,0.28600000000000003,1.492444433392452
t_showprog_c:progress_c,3000.0,-0.0003096646065350448,0.000586740007164421,-0.003005957959413558,-0.0015964301874818163,-0.0002481925871104849,0.0007243488210685956,0.001890356796878552,0.30400000000000005,1.4762971365964952
theta_Intercept,3000.0,1.285023979274615,0.013567330849587455,1.206089515787697,1.249683228478207,1.2888586132879711,1.2995986083219087,1.299984237892781,0.0,-1.3295786208224594
theta_Intercept_std,3000.0,0.18948869993059028,0.019084822891543056,0.14189375166297535,0.15623020261567253,0.18813806013041373,0.23177963661222012,0.2953508151581452,0.0,2.533811867347729
theta_Intercept_subj.101,3000.0,1.192465727321916,0.008776470709477053,1.1586893384265542,1.1736108387019042,1.1928367746151132,1.210204734056995,1.222734332581971,0.0,-2.392922628006088
theta_Intercept_subj.103,3000.0,1.0227392128770245,0.02638882703041792,0.9331446355810998,0.9703229128828879,1.0225141537894473,1.0753602984351975,1.1111492846556528,0.0,10.578756840611437
theta_Intercept_subj.104,3000.0,1.1682718290088414,0.011190419706345713,1.1285240707575805,1.1450740673968907,1.1685465622399656,1.189228590010821,1.1979106816529115,0.0,-0.20708984042853942
theta_Intercept_subj.105,3000.0,0.5561008505253487,0.0280715504008513,0.4645882747864686,0.49828944151687765,0.5584230132702963,0.6070174811771535,0.6568722134125584,0.0,-2.503440514925056
theta_Intercept_subj.107,3000.0,1.2948349051478343,0.004592413696620019,1.272902574769912,1.2828131363447832,1.296059574196644,1.299848070626777,1.2999984342184912,0.0,1.714354583407766
theta_Intercept_subj.108,3000.0,1.1873127263753978,0.006847209963703421,1.1637969905516827,1.1730916014392156,1.1875766261171887,1.200963344672464,1.2106714333793962,0.0,-1.876248947759706
theta_Intercept_subj.110,3000.0,1.169821504775006,0.010289608815265581,1.1334117128798535,1.1487570010648598,1.1704612148922757,1.1895068471536123,1.2022867088057358,0.0,2.3399187607264773
theta_Intercept_subj.112,3000.0,1.0560330168679357,0.025589697757191356,0.9843685715298548,1.0048885138077865,1.0566314100937788,1.105567152322205,1.1250575884332281,0.0,-2.674666672736871
theta_Intercept_subj.117,3000.0,1.2004667354102179,0.007854680000767267,1.1737789365530846,1.1855176633909636,1.2007118620704196,1.2156363038067222,1.226169221454464,0.0,4.628892564178792
theta_Intercept_subj.118,3000.0,1.1723268414080323,0.012794659879560428,1.1334623580618555,1.1473702283491232,1.1724939380150756,1.1971454450732388,1.2085170751818017,0.0,-5.502233926694506
theta_Intercept_subj.120,3000.0,1.2704474939950536,0.020333508920234993,1.2012574149140371,1.225376515143508,1.275063234916792,1.297982003073505,1.2999911889503468,0.0,13.603892953175098
theta_Intercept_subj.121,3000.0,1.0925987047897865,0.025506438771115816,1.0008407324119768,1.0409961689639693,1.0926256629145963,1.141563651394783,1.1610946141465726,0.0,-7.455170559150225
theta_Intercept_subj.122,3000.0,1.0510277862617863,0.02373294613675773,0.9536272667934136,0.9968569929845832,1.0537039460854736,1.0913400840212903,1.1124137538860561,0.0,5.037559122484392
theta_Intercept_subj.124,3000.0,1.2951509755698685,0.00526558857628864,1.2664463302749915,1.2793110185522194,1.2968865404241985,1.2998854817822152,1.2999995077078534,0.0,-2.7932653032290014
theta_Intercept_subj.125,3000.0,1.123187762343029,0.030514849840721767,1.0026818608412937,1.06250908163236,1.1227858612473476,1.1801461623066765,1.2295075191925202,0.0,-9.72722251574482
theta_Intercept_subj.132,3000.0,1.2947457033544392,0.005481165670364344,1.2559819194219841,1.2803548223040528,1.2965020637656948,1.2998722563101157,1.2999959924058897,0.0,2.6983192162032146
theta_Intercept_subj.134,3000.0,1.2896295250267455,0.007469105582721326,1.2582633832211059,1.2731575769053134,1.2912204647260785,1.2995952283180028,1.2999869381136417,0.0,4.954317027018083
theta_Intercept_subj.135,3000.0,1.1768502126665132,0.034005795790242106,1.0683612298043612,1.1029154061811641,1.177701389522565,1.2496702991006636,1.265718058206951,0.0,-11.818914598543797
theta_Intercept_subj.136,3000.0,1.2730673516150142,0.02317612740666715,1.1749074787088203,1.2182097871762518,1.279771015741491,1.2993706905453533,1.2999837724865921,0.0,-8.9860164061696
theta_Intercept_subj.137,3000.0,1.197090366203977,0.008709262626886975,1.1677678315024491,1.1794167175316244,1.1970457005714663,1.214266137207852,1.2239217631636228,0.0,-3.038408941540358
theta_Intercept_subj.138,3000.0,1.1611877253513239,0.04586517253244388,1.034994048966025,1.0799932801423464,1.1555476277815537,1.2535904976682157,1.282725497034835,0.0,-13.301303073580067
theta_Intercept_subj.139,3000.0,1.295094803710613,0.004766425572416881,1.2727162162142114,1.2818905662872762,1.2966821108733086,1.2998707610770024,1.2999962872772148,0.0,9.760165063713913
theta_Intercept_subj.140,3000.0,0.6661859140947266,0.07188489979569211,0.42869171450418625,0.5175157582702158,0.670569475702095,0.7930676465862871,0.885017384230369,0.0,8.03715973243806
theta_Intercept_subj.253,3000.0,1.291658064683839,0.00372951992057048,1.2730418318747596,1.2819738075220237,1.292436828481033,1.2964877549996898,1.297572920161704,0.0,2.713879282706542
theta_Intercept_subj.254,3000.0,0.966792095609947,0.03228276759444241,0.8308196515764337,0.9019935867622559,0.9689599052788898,1.026653904874815,1.0579782195125318,0.0,-9.255086508482751
theta_Intercept_subj.255,3000.0,1.093985025785791,0.043998946724164475,0.989719122332878,1.0141011369101691,1.0949987298571249,1.1668775406558274,1.1869154685030803,0.0,-41.02978916726807
theta_Intercept_subj.256,3000.0,1.283557055369031,0.008204055241236834,1.2547554916903048,1.2655762898526048,1.284729376869893,1.2953056078033895,1.2968124979005102,0.0,-0.21136325771182676
theta_Intercept_subj.257,3000.0,1.2441298676625736,0.013843452584723968,1.2004076406028839,1.2162406354478574,1.244334516626929,1.2701950324911497,1.282641207836329,0.0,-5.521771211856388
theta_Intercept_subj.258,3000.0,1.1966686725939129,0.012853390850438394,1.1534452699753455,1.1684396807928645,1.1971507148136462,1.2195200487366775,1.2334426638679223,0.0,2.0717425276757964
theta_Intercept_subj.259,3000.0,1.0566353836599358,0.02210181171452086,0.9642178237180958,1.0102899545232673,1.05783235539135,1.0947514302934809,1.1141855863460954,0.0,1.7836040721896353
theta_Intercept_subj.260,3000.0,1.2815966931552332,0.006909189518270987,1.2595030282467,1.2680807543621302,1.2816831623002933,1.293478436401746,1.296445517369056,0.0,-4.5197708335591935
theta_Intercept_subj.262,3000.0,1.287802962396164,0.0060112070737432756,1.2598107998684758,1.2735259964997747,1.2888995226943791,1.2959838745304266,1.297744503479604,0.0,-0.35573234110323315
theta_Intercept_subj.263,3000.0,1.0182060309274827,0.028565031397297797,0.9079909583215753,0.9609663108698154,1.018276238890172,1.0752170661590377,1.1030382665049436,0.0,-6.949681033283948
theta_Intercept_subj.264,3000.0,1.2879662320748488,0.0062399111834899506,1.2545345516127122,1.2736178454274791,1.2891843871100268,1.296168554273672,1.297877119332681,0.0,8.543353883448834
theta_Intercept_subj.265,3000.0,1.1604238513096135,0.02540279907733563,1.0728550905242689,1.1099077368176091,1.1593529660674475,1.210233643044609,1.2246549847852684,0.0,14.87533894185475
theta_Intercept_subj.266,3000.0,1.2278134286286224,0.008530457864566656,1.1961483647977593,1.2112488571295223,1.228084507858498,1.2443721706433317,1.2543641556460219,0.0,-7.121071768574524
theta_Intercept_subj.267,3000.0,1.2765175932528552,0.010181529730854828,1.2391749345905023,1.2551734452636005,1.2772571182039354,1.294207813105812,1.2964364512222937,0.0,9.707737791771494
theta_Intercept_subj.268,3000.0,1.1614511067984359,0.016983247706295855,1.102073816291999,1.1200952211714297,1.1625632007797555,1.191153646672359,1.2023053366713037,0.0,-1.5025744453884908
theta_Intercept_subj.269,3000.0,1.2279697819206528,0.013241914612200643,1.1822999186714946,1.199593694920036,1.2282125846606116,1.251157755258439,1.2631280158703766,0.0,-10.087880708446693
theta_Intercept_subj.270,3000.0,1.1796878555752262,0.03266884594061305,1.0989537262335825,1.1217726764008729,1.1796945590737156,1.2338436479596382,1.2497748541973408,0.0,-51.24404431795817
theta_Intercept_subj.271,3000.0,1.287346338718542,0.006271919780824028,1.2626935267423407,1.2735544787627269,1.2885481225105138,1.2961962113479413,1.297841656724089,0.0,2.956787264409648
theta_Intercept_subj.272,3000.0,1.2247328119431877,0.012365917510664346,1.1782150283008295,1.2010517867741684,1.2242881311157725,1.2504068149492258,1.26212913807339,0.0,9.134188113594599
theta_Intercept_subj.273,3000.0,1.276792946360493,0.011514403855982286,1.2330180723790622,1.2472954061481418,1.2783532647895166,1.2945644500699105,1.2966120684802462,0.0,9.67508162843406
theta_Intercept_subj.274,3000.0,1.2143164523641803,0.009954793992330353,1.1799426580972567,1.1955648193769386,1.2141719358601848,1.2332162443388859,1.246736895055651,0.0,-5.977137152989234
theta_Intercept_subj.275,3000.0,1.1614885485684034,0.030181019209446523,1.071956604792713,1.1021380441487327,1.164291092397719,1.213833007173375,1.2336037520345735,0.0,13.929019688685234
theta_Intercept_subj.276,3000.0,1.2614697471426783,0.013020765229589136,1.2186128655057025,1.2374287804382798,1.261668394250245,1.2848370019447635,1.293994730041282,0.0,2.934251021134232
theta_Intercept_subj.278,3000.0,1.2932978050013475,0.002642612459147433,1.279665478358461,1.2865761514513874,1.2939884932008021,1.2967708369678808,1.2980794790586805,0.0,1.8870865390707956
theta_Intercept_subj.281,3000.0,1.2888805429618262,0.006288736592698073,1.258384435980828,1.2725868777449099,1.290595853241875,1.296180758330686,1.29760953904055,0.0,4.9543915038117206
theta_Intercept_subj.282,3000.0,1.2829238140729151,0.0068018627924685895,1.2542045284364058,1.2658527259723034,1.2835726071112588,1.2940344899493734,1.296436781184178,0.0,-13.140256977080636
theta_Intercept_subj.283,3000.0,1.292199200847579,0.003485213145801134,1.2734374934798995,1.2837214820083858,1.2930250678061803,1.2966250556865209,1.2984227760302183,0.0,-2.0866534680085533
theta_Intercept_subj.284,3000.0,1.246975022984918,0.013210756898684985,1.2089821466555972,1.2233177356015683,1.2466136888296733,1.273837467166188,1.2858580245489104,0.0,-8.87866568298569
theta_Intercept_subj.285,3000.0,1.2133444106892903,0.018301951112552093,1.1626308554137303,1.179546988790571,1.2121828450391663,1.251995343563051,1.2635663537312671,0.0,-8.84733472878311
theta_Intercept_subj.286,3000.0,1.0138236567379206,0.02996761091649827,0.9038491007315844,0.9524702701302483,1.014581353967144,1.069037703169008,1.0948192464601036,0.0,-1.6786082753593823
theta_Intercept_subj.287,3000.0,1.2166032303044894,0.014589341513627084,1.158766036427419,1.1797506378803249,1.2169355879065347,1.2436896252221559,1.2591167302931174,0.0,-0.8242112748728943
theta_Intercept_subj.288,3000.0,1.2158005451317062,0.012359570663682108,1.1620698793110051,1.1879087017835157,1.2167123555897519,1.2371559564269707,1.2457438835712427,0.0,1.3402116338383496
theta_Intercept_subj.289,3000.0,1.2300257966334942,0.01386768984589484,1.1901046909223236,1.2054837572814932,1.2296586563551364,1.257938336662889,1.270326661391678,0.0,-9.199882143959474
theta_Intercept_subj.290,3000.0,1.2765944901578863,0.022743051991744798,1.1602956407835514,1.20820485756617,1.2857056100836721,1.2958234925864511,1.2976175723038301,0.0,13.14614443459796
theta_Intercept_subj.291,3000.0,0.8130974595354881,0.0750715424661063,0.4994402205957654,0.616089702405671,0.8207062725442851,0.933520169723244,0.973389810509481,0.0,-1.5296551443380222
theta_Intercept_subj.292,3000.0,1.2926762439561805,0.003006109219345838,1.2777991967387377,1.2855250319664016,1.2933647992684034,1.2966639811735003,1.2981608184481808,0.0,-0.6669191519653369
theta_Intercept_subj.293,3000.0,1.2907904773485808,0.004358635912559412,1.269134314856391,1.279597982172757,1.291857074029768,1.2963448193170797,1.297833325793458,0.0,2.0256373690935963
theta_progress_c,3000.0,0.012416256133070222,0.002198212525955972,0.004676320011428093,0.008040236397986565,0.012402740118165695,0.016991732051806863,0.020332640619558792,0.0,-9.690734056260661
theta_progress_c2,3000.0,-0.009922629165723574,0.0029257033877850528,-0.021898402964414882,-0.016603378439551047,-0.009650663336129236,-0.005000713333407784,-0.0017367676680549483,0.0,8.178232820279906
theta_showprog_c,3000.0,0.0017947013082352092,0.0007245310339670597,-0.0010759304432702305,0.0002869390813795663,0.0018221190128668635,0.0032391143838494253,0.004173333717028493,0.012333333333333333,-0.5786241151871363
v_Intercept,3000.0,2.983441152766689,0.016077946081995597,2.8659510853603316,2.9415057716171407,2.9881993551338084,2.9995721826809256,2.99999088518582,0.0,-0.2532143021375242
v_Intercept_std,3000.0,0.3707942995638274,0.036851952409028325,0.2709522443927623,0.30726743200539297,0.3676964853460922,0.45152705676280175,0.5291704541165791,0.0,-0.6145387291757569
v_Intercept_subj.101,3000.0,2.9771173759432124,0.010168604569397615,2.9178088993497053,2.952649964586353,2.978176403474233,2.9924860629971306,2.9966834482125893,0.0,-10.698053668036474
v_Intercept_subj.103,3000.0,2.9086054461406503,0.059106598524178884,2.6278412602793577,2.769004481885773,2.92273510238731,2.984095527888288,2.9948197086527597,0.0,-1.0979676978405823
v_Intercept_subj.104,3000.0,2.9736944946360047,0.013027379530245013,2.9038178978427274,2.9404426812800306,2.975923581544068,2.991744105661724,2.9957144080488702,0.0,-8.906971426271717
v_Intercept_subj.105,3000.0,0.6451300501948838,0.06076778466605687,0.4166657427976655,0.5294148459289144,0.6443695820898228,0.7675965802661516,0.8512846255138515,0.0,2.4453102077211164
v_Intercept_subj.107,3000.0,2.9469482381715055,0.036846990153120596,2.708322202748278,2.8502068876285556,2.956562197889128,2.9890588465423544,2.9954275878644174,0.0,-3.555897044375385
v_Intercept_subj.108,3000.0,2.962903493478339,0.02155531209661161,2.8340221997871953,2.906073669078497,2.967911890896028,2.9894355499986314,2.996611194359429,0.0,-3.8587540288842597
v_Intercept_subj.110,3000.0,2.9777816129674806,0.009874800456152273,2.9143450491735203,2.956132117138564,2.97900022386996,2.9926750832549964,2.996415789708977,0.0,-12.975983887957346
v_Intercept_subj.112,3000.0,2.5244151104771846,0.0972158903398958,2.1969361348118723,2.3366000761555825,2.525905193314662,2.716775304277504,2.96529934753215,0.0,0.37222696517914045
v_Intercept_subj.117,3000.0,2.9745822004233657,0.011867874998158175,2.907422543222632,2.946800159207389,2.976602735238192,2.9918710734800085,2.9962208759332976,0.0,-11.289513281211178
v_Intercept_subj.118,3000.0,2.959987032002316,0.02487745156791151,2.784720828054742,2.895063833103973,2.9667111002186815,2.9903666510565468,2.9957622982937,0.0,-1.3617877049763623
v_Intercept_subj.120,3000.0,2.959271749552798,0.026701412727419865,2.757357998787035,2.891957597332556,2.966248006752507,2.9903572973903336,2.9959200026616806,0.0,-6.174774432046525
v_Intercept_subj.121,3000.0,2.8999865756410763,0.06383828342404278,2.5863493825325596,2.748263929387844,2.9114381306882815,2.983512585765902,2.994652165689806,0.0,0.4741695337310155
v_Intercept_subj.122,3000.0,2.9489362072860463,0.03250175872240604,2.7811717524203754,2.8672882416858525,2.9571179005752466,2.9884338281243874,2.995721856727522,0.0,-3.729633530375924
v_Intercept_subj.124,3000.0,2.942564011638901,0.04013671404123398,2.669788993220078,2.8332437738894227,2.9537508808149444,2.9889563973570774,2.996411831748181,0.0,-7.5884076992786555
v_Intercept_subj.125,3000.0,2.9607862017877493,0.024017701840718587,2.7839067868889926,2.8985482989883753,2.9664768621871156,2.9901499486575855,2.996319682269374,0.0,-2.813728914744329
v_Intercept_subj.132,3000.0,2.9375365518955143,0.0428021070244027,2.700706756237691,2.827049665958667,2.948545837709598,2.987421562646733,2.996386510574725,0.0,-3.1672187655401536
v_Intercept_subj.134,3000.0,2.9576157302662716,0.027094451595283044,2.7851662422425876,2.8847078363717156,2.9646012194340448,2.989718461123397,2.9953044936567332,0.0,-4.273791367187579
v_Intercept_subj.135,3000.0,2.937346962029006,0.04362569925352649,2.714920285213621,2.825440731904678,2.9498028719656437,2.9881140377220246,2.9957840414026338,0.0,-2.4103642668181444
v_Intercept_subj.136,3000.0,2.950179414408799,0.0348835482028198,2.6489987573313734,2.85748590286452,2.9594573911675246,2.9897071074063755,2.995982314933168,0.0,-4.915037622634025
v_Intercept_subj.137,3000.0,2.972272782827666,0.014291623648608564,2.842916187245686,2.9374805110422266,2.9750328636198202,2.991832825868083,2.9958655760010067,0.0,-8.53926396535774
v_Intercept_subj.138,3000.0,2.9413004199161157,0.04016510394160528,2.6718512658446625,2.834614858250863,2.952263486175552,2.987715438787659,2.9965438835355673,0.0,0.1351792170146902
v_Intercept_subj.139,3000.0,2.9564451260074747,0.0285743239320727,2.785242875133186,2.876828425115417,2.9640486808012994,2.989437323679302,2.9949439703745653,0.0,-4.172700036632757
v_Intercept_subj.140,3000.0,2.965011164827767,0.020081040941595546,2.8349231104153207,2.9125933840221054,2.9697104244067702,2.990777493242059,2.9962287621991655,0.0,-4.806965163481172
v_Intercept_subj.253,3000.0,2.856077472037411,0.08518563374327953,2.5072477664240105,2.6639985754914077,2.8688532217309017,2.9773983225087486,2.9942017392138163,0.0,-1.3807523795216796
v_Intercept_subj.254,3000.0,2.941487064674939,0.03567883497681562,2.742288047118459,2.851705572852335,2.949763537185561,2.986073473876881,2.997339611499368,0.0,-0.9713116083668792
v_Intercept_subj.255,3000.0,2.3173350515291125,0.10238985929730897,2.0046224010551024,2.1166066107368366,2.3157445814132265,2.5285839231970693,2.712824103983401,0.0,-3.8161603726054567
v_Intercept_subj.256,3000.0,2.905402703286206,0.06318623617619006,2.6139303548647352,2.7547443917499104,2.9211223690529344,2.983501456738721,2.9943920892431573,0.0,-7.248571912984564
v_Intercept_subj.257,3000.0,2.753037222329016,0.11655352087568761,2.3912830366060507,2.5210141127852346,2.7600375992502277,2.9565479465244673,2.990207290916801,0.0,-5.805681339489179
v_Intercept_subj.258,3000.0,2.664304784227474,0.11149257391374338,2.3197826443178795,2.4514028712599307,2.66314362101166,2.8917563762195044,2.9801356052102155,0.0,3.2404045192551765
v_Intercept_subj.259,3000.0,2.9662470959296874,0.016628310793069034,2.875062894094517,2.9275561010815254,2.9694029228598895,2.989994362548036,2.997231954356284,0.0,-3.9062133685044302
v_Intercept_subj.260,3000.0,2.941028129263214,0.03678952594115403,2.7487469240572735,2.847151240338933,2.9504256548482113,2.986429380203059,2.99401581050327,0.0,-3.3422164435285904
v_Intercept_subj.262,3000.0,2.8944309050715504,0.0657278026081617,2.6100590687411835,2.7413871378429424,2.9074781882532283,2.982899527306544,2.9943411519331162,0.0,-4.255709385022997
v_Intercept_subj.263,3000.0,2.9550330157789624,0.02572861093093044,2.8035367745786637,2.890538202426532,2.960179520932165,2.9881829257563663,2.9978323475166624,0.0,-3.835237784146032
v_Intercept_subj.264,3000.0,2.8984049930136675,0.06661591659125825,2.56983799051267,2.7386723693447563,2.9143516999284946,2.9823436152472795,2.9955003528345463,0.0,0.33464951096960177
v_Intercept_subj.265,3000.0,2.9241860036424416,0.050525152977414195,2.6540575638910067,2.798249492731437,2.937522550421099,2.984757484319147,2.994820440259558,0.0,-3.8460981888964643
v_Intercept_subj.266,3000.0,2.950601795252129,0.02975915174646342,2.79162775043708,2.870057420934391,2.957557777095488,2.988625100102028,2.995126922583558,0.0,-4.239702820482955
v_Intercept_subj.267,3000.0,2.8465829179974063,0.0911393325411108,2.3672535638059595,2.642712687948421,2.86251540600054,2.974487042746982,2.9922901517365994,0.0,-7.442361602742169
v_Intercept_subj.268,3000.0,2.450610777667102,0.11413875999134122,1.9707803377897752,2.2297569014461605,2.452739926434819,2.6776646915782916,2.848759967296246,0.0,4.924878051178093
v_Intercept_subj.269,3000.0,2.8424722376276645,0.09535273604929922,2.4044602225497886,2.6288718268155455,2.8594130001458025,2.9748624000566037,2.9921601467903716,0.0,1.7631010320016536
v_Intercept_subj.270,3000.0,2.8967010447560186,0.06896444370488206,2.486453617141634,2.726153196342733,2.9130020617542156,2.9825675252535198,2.995943786503287,0.0,-8.909948196588646
v_Intercept_subj.271,3000.0,2.873387834748606,0.07793356921777883,2.5811617217595346,2.691593396136527,2.890282454613094,2.9795012740120166,2.9941298872050863,0.0,-3.4144118445745786
v_Intercept_subj.272,3000.0,2.429457323993823,0.12565778452149254,2.0294830067756964,2.1877220635539287,2.4276980929677094,2.677591097207382,2.8433366754447427,0.0,5.085228922396737
v_Intercept_subj.273,3000.0,2.8672904500927388,0.08371482381431798,2.3936093373790106,2.662618185892393,2.8814354159413753,2.978832336128161,2.9940599223714823,0.0,4.498968386033127
v_Intercept_subj.274,3000.0,2.8174852839389355,0.09560495131160847,2.4101505871738844,2.6094175713849066,2.826380410153,2.9684438014269685,2.9882136378468225,0.0,-2.1580843912624625
v_Intercept_subj.275,3000.0,2.9414737507557467,0.038632621160364096,2.7087189538083707,2.840408367310788,2.950824112356896,2.988332152078675,2.9955021963172395,0.0,0.04949057095033906
v_Intercept_subj.276,3000.0,2.719549714737694,0.1205378009354548,2.3013905304449427,2.47003216957311,2.723308598417055,2.93566246473335,2.9869353372464746,0.0,1.5181248263318423
v_Intercept_subj.278,3000.0,2.9530996139734023,0.028883219160031823,2.7164694670624474,2.8791539541348508,2.959499397430939,2.988096638135219,2.993667582846621,0.0,-1.7400567796144824
v_Intercept_subj.281,3000.0,2.9222286120060743,0.05252069740462179,2.600687555914979,2.7864578191559457,2.934747469012552,2.985177162891029,2.9930620049533667,0.0,-0.5166019654215828
v_Intercept_subj.282,3000.0,2.822592543770795,0.1021017769147582,2.332554701040031,2.5861349000024987,2.836762547463846,2.9694864471989373,2.990980206946943,0.0,-6.242827047962329
v_Intercept_subj.283,3000.0,2.8799246488145522,0.07697268210538492,2.4842638694859014,2.698038974962304,2.89603895663495,2.9793184203479735,2.993281030559737,0.0,1.3466960575865852
v_Intercept_subj.284,3000.0,2.7587289709701013,0.1118459888699532,2.328625855135256,2.515395473812472,2.7649193757667696,2.94871328762917,2.985562943740722,0.0,1.6618032285568962
v_Intercept_subj.285,3000.0,2.9015342262189807,0.06407668911505014,2.619851900996836,2.746866402788287,2.9152869658708878,2.9838259463592123,2.9968934287562226,0.0,-1.5230997282725707
v_Intercept_subj.286,3000.0,2.936530248739331,0.04140617968791387,2.6600312341128616,2.8271104765899433,2.9467608250257937,2.9865111602903434,2.9952283712357426,0.0,-2.394306511639244
v_Intercept_subj.287,3000.0,2.7218803936422544,0.11378070879158972,2.3235074994035805,2.4878967982261506,2.723772012944424,2.931444167501606,2.9922812370404546,0.0,-2.479807143248187
v_Intercept_subj.288,3000.0,2.7177985069097508,0.11676407166549159,2.314861548561374,2.489101593049879,2.7215010556495756,2.931351095824186,2.9837409013772405,0.0,-0.11373290010292535
v_Intercept_subj.289,3000.0,2.8161841264369607,0.10011943261409734,2.448739067140175,2.594702726737716,2.827114368639659,2.966162587663783,2.993057198849994,0.0,1.7589375821985396
v_Intercept_subj.290,3000.0,2.940293032683369,0.039818906228673435,2.6584367626791257,2.8384707605775215,2.950632479954785,2.988172687787923,2.9942775106407473,0.0,-0.2786839234408767
v_Intercept_subj.291,3000.0,2.956536918785339,0.023963822512275173,2.805079993330171,2.8980301482945023,2.9606665148230658,2.9879829408486027,2.996319168153153,0.0,-2.7795897508813407
v_Intercept_subj.292,3000.0,2.913269920112413,0.05444552812517215,2.667329546415801,2.781931929747037,2.925939559671479,2.982258849743709,2.9985384438727185,0.0,-1.944659756221825
v_Intercept_subj.293,3000.0,2.91838510082486,0.05162389095377998,2.6433469229265563,2.7875894529163183,2.9290440383229113,2.9843982683071673,2.9950700727978266,0.0,0.9840558209355037
v_progress_c,3000.0,-0.028201294892572806,0.010000012825087426,-0.06523648589422926,-0.047710601955785324,-0.028136799717579868,-0.008704779205633244,0.0063608999904800345,0.002666666666666706,1.5695775512953036
v_progress_c2,3000.0,0.10788539717386332,0.01598960783634511,0.054922587144326546,0.07992658344445859,0.10577293099215168,0.14167140354343546,0.15388010522514128,0.0,-3.4517010894447067
v_showprog_c,3000.0,-0.020177755928892024,0.009818968191185051,-0.05205283477093406,-0.03962610044982496,-0.020082035170161144,-0.001068764830609515,0.013169580861140711,0.021333333333333315,0.17641953400988813
v_showprog_c:progress_c,3000.0,-0.0042004667373984105,0.005025490426214945,-0.024628976978721698,-0.014308580555121988,-0.004137396029229308,0.005427149926018121,0.013452220356603713,0.19799999999999995,-0.8809710463168909
v_showprog_c:progress_c2,3000.0,0.18078352550339408,0.02861188040079151,0.08694058158798582,0.13410497498498236,0.17790414768103027,0.24810328037831403,0.295363967984412,0.0,-1.703869912245147
z,3000.0,0.32875910245486534,0.012547062802088014,0.2701583539847284,0.30463290714350555,0.328639558167538,0.35403981690919006,0.36825236828168717,0.0,-1.118895278778747
z_std,3000.0,0.5971436581924323,0.05727955838833211,0.44608588604788596,0.49671035826921955,0.5935616926858122,0.7217947247186964,0.867649737356086,0.0,-0.7272742300546965
z_subj.101,3000.0,0.16764471491337293,0.005376006187695734,0.14877907632845644,0.15704304923427864,0.16765011905803306,0.1786016673939804,0.18845484095684073,0.0,0.720468622509346
z_subj.103,3000.0,0.36119893183994906,0.010630115754757747,0.32747131184541184,0.3407931053383178,0.3609381191606372,0.38279579138589565,0.3986245327661332,0.0,-2.8519878627373245
z_subj.104,3000.0,0.17006108668338202,0.006547114273177642,0.14989521453554508,0.15802234467945264,0.16992630695256716,0.18314486131157492,0.19467682304340597,0.0,1.712230125061452
z_subj.105,3000.0,0.3618376478073783,0.011026365294596318,0.3197073140022926,0.34057023777256773,0.36196020390119943,0.38330278406624957,0.40214884728047917,0.0,-0.9428488720019681
z_subj.107,3000.0,0.4557642535692909,0.014512794499465223,0.40577991290762294,0.4260970546834987,0.45582697230591585,0.4842796734900953,0.5097626813726612,0.0,0.1817409929975924
z_subj.108,3000.0,0.16001720532719693,0.004627495150750927,0.14556913375775818,0.1511649969341062,0.15990522919426808,0.169414722627392,0.1769306916104094,0.0,-0.6439053377156402
z_subj.110,3000.0,0.15298401045001245,0.005679270655863723,0.13736361513129622,0.1427331191988136,0.1527208300723832,0.16502092156784717,0.17570430801154902,0.0,5.571105925081127
z_subj.112,3000.0,0.35145763291302756,0.01228833734707798,0.2843037498244469,0.3260963464358412,0.351597823519744,0.37426911019806636,0.3881840146421681,0.0,-0.483918677477198
z_subj.117,3000.0,0.17494390007253355,0.005020118118966509,0.15666456158275202,0.1651673541212043,0.17494030574006825,0.18482539540222276,0.19141984437559018,0.0,6.26903610041068
z_subj.118,3000.0,0.22877963250178993,0.010098343103464974,0.2004674256343412,0.2110407516644478,0.22811280046580817,0.25096496179718825,0.2645762548546091,0.0,-2.8806156736919877
z_subj.120,3000.0,0.2947416134645205,0.019889284793021947,0.22250251275893274,0.25032214770939276,0.2978608938561327,0.32559991851271125,0.3388414838160844,0.0,12.697021835353176
z_subj.121,3000.0,0.3517708410589924,0.01062683633204025,0.31974712839206715,0.33121190353559316,0.3513134862376075,0.3730236573118593,0.3899786434971444,0.0,2.004568190551417
z_subj.122,3000.0,0.3723863917104792,0.009828233103073037,0.33985220681638595,0.35356179120655173,0.37205977555050807,0.3918195655292717,0.407990791699984,0.0,0.6924525143133028
z_subj.124,3000.0,0.4110166236681445,0.012955480831630985,0.3777094332447879,0.3875133165946081,0.41045036724967854,0.4380616088202651,0.46030140676289455,0.0,9.767561014059988
z_subj.125,3000.0,0.5135522034801591,0.01294489368976981,0.46961661922249676,0.4881545402483819,0.5138020427876989,0.5395677444295496,0.5554114522676741,0.0,-1.5597079056146956
z_subj.132,3000.0,0.5182959591062025,0.01682892638432707,0.4677649266327879,0.4879071456372376,0.5179482383464453,0.55434065514984,0.5736236310379957,0.0,-2.1992396765818722
z_subj.134,3000.0,0.31478606169272505,0.010509065930607098,0.27124367843044317,0.2921527727554823,0.3155429800765708,0.3335201049562076,0.3460258487820746,0.0,5.770472341709526
z_subj.135,3000.0,0.3488964676996642,0.012313562329929115,0.2904366617595464,0.3237882146685891,0.34894181819659137,0.3723081476034009,0.3837631303118998,0.0,3.8230716358834966
z_subj.136,3000.0,0.4196062295828957,0.012024685713668982,0.38472177036175104,0.3969769115124416,0.41963537267864426,0.4424816774663688,0.461998286851797,0.0,0.6642874553395054
z_subj.137,3000.0,0.2072467705599539,0.006931298624064768,0.18326745194615057,0.19441699459309864,0.2070735256151304,0.22136502857804224,0.23373778977556045,0.0,0.1398562215697479
z_subj.138,3000.0,0.4610209892613349,0.012700295048564998,0.4128889316445107,0.43673740145844087,0.46034933149483104,0.485964907549575,0.5142880641074579,0.0,-2.410382580996721
z_subj.139,3000.0,0.3500194490573803,0.00992783498016504,0.32378223109522664,0.33141123610709516,0.3497631396076657,0.3703652270212638,0.3997853074407507,0.0,-6.59815422042841
z_subj.140,3000.0,0.41580797036233963,0.012454532268791327,0.37470442937350756,0.39122314872081404,0.415650784515524,0.43992582529783036,0.45689686000106156,0.0,-3.2137172563688314
z_subj.253,3000.0,0.3114047521567308,0.010969757853654966,0.27995911855584044,0.2929170974321172,0.31037005028790426,0.33500684914780876,0.3567248090947214,0.0,0.5265191690326817
z_subj.254,3000.0,0.38907978862050413,0.010265807922790672,0.3565045220388917,0.3689084397587701,0.3888813038516561,0.4099665858992042,0.42442183071294337,0.0,-3.478785233569622
z_subj.255,3000.0,0.3575506478820846,0.012742572080667789,0.30541788813990706,0.33122798059113406,0.3578174924975247,0.38151248203368354,0.40159031010621926,0.0,5.117138422545267
z_subj.256,3000.0,0.3814954780908084,0.01070814772366436,0.3486253229214372,0.3618500080726012,0.38075934547366397,0.4034945002200024,0.41952584853465413,0.0,7.228674511563943
z_subj.257,3000.0,0.349072411221077,0.014463309789173538,0.3063010387375132,0.32252209976163715,0.34869711072912857,0.37767182421584355,0.39629431333257803,0.0,2.4292120043808585
z_subj.258,3000.0,0.3678114805205831,0.013503682221098021,0.32404899227130624,0.3421853386556964,0.3678107378073258,0.39336101028335946,0.4124405834766769,0.0,-1.662332254641198
z_subj.259,3000.0,0.22269155470535199,0.007859553486594105,0.19626037530418888,0.20805175766471004,0.22271436035632103,0.23796772557203721,0.24750942056513575,0.0,1.2605997446237438
z_subj.260,3000.0,0.28561837638210374,0.007355116353216369,0.2597973554374404,0.2712848118484161,0.2857786788646159,0.300010172019621,0.31100178457680394,0.0,0.24378907734592264
z_subj.262,3000.0,0.3700501039681011,0.010283564494159044,0.33932152710457253,0.3512773825012824,0.36992523982669956,0.3909354297952214,0.4123866868950393,0.0,7.144763397652817
z_subj.263,3000.0,0.4228996353970384,0.010914792934347967,0.376772595996442,0.4022202577053011,0.42287074517841183,0.44405177116526623,0.4642012678047378,0.0,0.21601556171849495
z_subj.264,3000.0,0.34549898809416496,0.010465558741176167,0.3146721444374946,0.3261156715306603,0.3449929293198918,0.36702441286702087,0.38623200909783717,0.0,2.6307146288526355
z_subj.265,3000.0,0.40647589971056225,0.012915269228979672,0.36611435374595247,0.3815986962808458,0.4063191357897804,0.43178564874354075,0.45177555346780096,0.0,3.348370949543643
z_subj.266,3000.0,0.24442845281770853,0.007198336218948489,0.22131259785487573,0.23057274203258127,0.24415944946528595,0.25930533865545524,0.2655218700048648,0.0,-1.7391490319141099
z_subj.267,3000.0,0.3834009195232172,0.012795853073602472,0.34239353162318803,0.36024963942490046,0.38237136702162006,0.40929014509548123,0.4287155728206289,0.0,10.147068360214362
z_subj.268,3000.0,0.34546574164299765,0.015056664386329851,0.29075169097050346,0.3156546029109973,0.3453235785448224,0.3752624815614687,0.40316016759763107,0.0,-3.8351088378031255
z_subj.269,3000.0,0.3606599051651461,0.01352378060336566,0.32174907423129384,0.3347815137628616,0.3602359681026332,0.389028595909859,0.4156478534524789,0.0,-5.004471038430326
z_subj.270,3000.0,0.34269063452331366,0.010779652632154177,0.3066646409344166,0.32207731294595576,0.3425207060293515,0.3644582194003766,0.38365906151851914,0.0,2.958875993399296
z_subj.271,3000.0,0.31525356525892745,0.011084294906911762,0.2860111570949819,0.29505842616190525,0.3147329476244708,0.337665289677678,0.3521492904365008,0.0,4.2046279429018565
z_subj.272,3000.0,0.38167654157810554,0.01533446075168679,0.32921801052609734,0.35199829920896675,0.38183231566947734,0.41226040714479706,0.43522388527247513,0.0,-0.7611094535675823
z_subj.273,3000.0,0.349565570615596,0.012227116346905858,0.3164763197526253,0.32725176914192555,0.34866444778607975,0.37663001384464206,0.4073716874869783,0.0,-2.2151178637344344
z_subj.274,3000.0,0.28851754852332284,0.012563432596208034,0.2518889307138099,0.26610691281868254,0.28771404280344304,0.31538939848564485,0.3352258065182815,0.0,-0.705139692152202
z_subj.275,3000.0,0.3734490591504886,0.012124429147688985,0.3353741198811788,0.3482286930148299,0.3735006599945813,0.3969023493962678,0.4102999777656632,0.0,-3.69335175848106
z_subj.276,3000.0,0.3316830599036252,0.012997621196490752,0.2949863214874764,0.3072335924848346,0.331247128994501,0.3596983282910205,0.3800898720483208,0.0,-1.323307659528593
z_subj.278,3000.0,0.32307234064463597,0.011703624982591266,0.28978300379756733,0.3031118746896276,0.32210470466808183,0.34746573786521756,0.3800138586467423,0.0,7.293548271592494
z_subj.281,3000.0,0.3863553981248142,0.011937933027410011,0.350403919036296,0.36499105901430645,0.38550498890475066,0.41231834858667477,0.43970489910071453,0.0,-1.8534765856705002
z_subj.282,3000.0,0.2565563843390913,0.009610538227656415,0.22049580997648716,0.23987820407648325,0.2558258186056903,0.2761412441248089,0.293061520535015,0.0,-0.5042398562337025
z_subj.283,3000.0,0.35125803571256553,0.01022570836858993,0.3240399940298802,0.3327239021353218,0.35058490739205084,0.3728841918989784,0.393026030312134,0.0,-1.680477546429513
z_subj.284,3000.0,0.34972274344984794,0.015043067547457347,0.3039508435319192,0.32155472438553423,0.3486824651321288,0.3802997673005349,0.4061648248147718,0.0,-5.75934474973212
z_subj.285,3000.0,0.37037422679958687,0.012399861620465429,0.33210889868166477,0.3468630529283464,0.37047518253154965,0.3941823887386567,0.42264790298982025,0.0,3.2907910940964906
z_subj.286,3000.0,0.4014022958390642,0.011749136481203678,0.3607238665667274,0.3789523126489907,0.4013411296525021,0.4245831293533158,0.4506207133124145,0.0,0.897305920914399
z_subj.287,3000.0,0.35257577268165624,0.013984654735225732,0.3118440875670668,0.32713033967837474,0.3522676329536429,0.38123881808752774,0.39790755994474003,0.0,1.0068011935107868
z_subj.288,3000.0,0.33095341422248065,0.016081701760012307,0.26953348402208155,0.3002165878022275,0.3308849685133556,0.36190993274203725,0.37886390588506624,0.0,1.1020607689526607
z_subj.289,3000.0,0.3199308946838869,0.013640372759566978,0.28112506061662196,0.29515379510464385,0.3190980131701716,0.34865692067465043,0.36764308033296644,0.0,-7.609066792130963
z_subj.290,3000.0,0.3940074820905407,0.010837303205137686,0.3626173396516559,0.3746976684127789,0.3935726793199272,0.4163264971600701,0.4466135199465495,0.0,0.4271550301604494
z_subj.291,3000.0,0.40781865572175724,0.010205997521926195,0.36995894851510924,0.38755428608095377,0.40808249070563163,0.4275702898388111,0.439110048084299,0.0,-1.9934851510496607
z_subj.292,3000.0,0.3260287213467165,0.008853742360849397,0.30003481749934974,0.3103895821365904,0.3254845887448166,0.344547304960654,0.3592145339832308,0.0,3.8623859661381674
z_subj.293,3000.0,0.3522877045479648,0.009075078227681322,0.31898756747625534,0.33558074909022434,0.35173548513759667,0.37234182745738126,0.38477756174422095,0.0,-1.7197971673120034
z_subj_trans.101,3000.0,-2.385146865562372,0.0872507451573351,-2.734398324016513,-2.566831873590756,-2.3819092647400684,-2.21679854512917,-2.0849467356030678,0.0,0.5954003461368806
z_subj_trans.103,3000.0,-0.7246965536647167,0.06043768415161153,-0.9230387158255082,-0.842581447704157,-0.7255470832861954,-0.6037127324863586,-0.5181682149674138,0.0,-2.843899492386446
z_subj_trans.104,3000.0,-2.3479301576173004,0.1027080387766716,-2.7102878136564894,-2.5484909515887804,-2.345703549942082,-2.154289379440025,-2.0081868753983123,0.0,1.5085935750394337
z_subj_trans.105,3000.0,-0.7211158053953025,0.06272784435059404,-0.9712363375895439,-0.8439058893306807,-0.7197399292801285,-0.6009408142120981,-0.49938137448352354,0.0,-0.9866877851823459
z_subj_trans.107,3000.0,-0.22238862730171274,0.0735943158799451,-0.4801153340910332,-0.3738074933807529,-0.22176960874039076,-0.07864213911628035,0.04882310283577182,0.0013333333333332975,0.17744070167145312
z_subj_trans.108,3000.0,-2.5149530262622846,0.08351269200240577,-2.806733049388731,-2.6834630250151266,-2.5140144466146546,-2.3537469762413235,-2.240600172233899,0.0,-0.7284118662229598
z_subj_trans.110,3000.0,-2.6517783918688096,0.114481814988735,-3.016083984453079,-2.874741497074478,-2.6514282040001262,-2.4251329559468324,-2.25836465552853,0.0,5.523909043220078
z_subj_trans.112,3000.0,-0.7809496799668271,0.07170584875116975,-1.2061685307790364,-0.9315003123035712,-0.7791770422705957,-0.6506796875795239,-0.574365941009958,0.0,-0.4792875182729038
z_subj_trans.117,3000.0,-2.2717420888698636,0.07425589529156536,-2.573998408581042,-2.422684148497423,-2.269562115221564,-2.1319317461386964,-2.0478006163926548,0.0,6.248896015410043
z_subj_trans.118,3000.0,-1.6539219595706094,0.09290471215147862,-1.9405788091737455,-1.8252848577931484,-1.65717933993342,-1.4584389347157551,-1.3509180733825006,0.0,-2.8616002752449647
z_subj_trans.120,3000.0,-1.1389927607360222,0.1395181549952235,-1.7102743017854793,-1.4636959870990116,-1.1129242646773787,-0.9345630021781267,-0.8542033413987036,0.0,12.343619507352052
z_subj_trans.121,3000.0,-0.7788747187718263,0.06157244023368938,-0.9709865251902947,-0.9001733313339353,-0.7808261562828622,-0.6575972087485424,-0.5646453231819757,0.0,1.9980705896512658
z_subj_trans.122,3000.0,-0.6616197028012905,0.0547300204939681,-0.8481777365841667,-0.7678136917385278,-0.6629612609169189,-0.554700885852165,-0.4684275469254344,0.0,0.6950863336878726
z_subj_trans.124,3000.0,-0.45299095503015896,0.0680820346544371,-0.6316487113804273,-0.5780055493536429,-0.4554618108582139,-0.3122033763705875,-0.1991485546444135,0.0,9.79769369704428
z_subj_trans.125,3000.0,0.06785799635161326,0.06486523506024626,-0.15221009048144046,-0.05924462137160145,0.06903762143141695,0.19848782394037998,0.27885021099341495,0.14966666666666667,-1.562716909584342
z_subj_trans.132,3000.0,0.09171981705682422,0.08451153260871244,-0.16152564382638734,-0.060482703040882525,0.08980149210202518,0.27339352144896945,0.37236175748684097,0.14066666666666666,-2.2147791356370714
z_subj_trans.134,3000.0,-1.003389737065993,0.06741294915378737,-1.3006562133633783,-1.1516328366941566,-0.9975229119773171,-0.8861734152050168,-0.8116814204452198,0.0,5.792938881634485
z_subj_trans.135,3000.0,-0.7958782269952704,0.07229769398110406,-1.16342320680247,-0.9457751417190081,-0.7946211894248013,-0.661578182351201,-0.5984258679816317,0.0,3.8965951054234593
z_subj_trans.136,3000.0,-0.4079115914421604,0.06271277438697656,-0.5931945474180266,-0.5269816738857432,-0.40736457060929915,-0.2895987733483243,-0.1905833423050908,0.0,0.6641606483770945
z_subj_trans.137,3000.0,-1.867581673956227,0.07472644648900105,-2.1526450158681003,-2.011303337088262,-1.8674081426883744,-1.7212806165821253,-1.6058022118919006,0.0,0.15589891651359772
z_subj_trans.138,3000.0,-0.19571227306102296,0.06415430448405153,-0.44264388692812634,-0.3189906596205323,-0.19890655029950335,-0.0702042826921729,0.0714707280985816,0.004666666666666708,-2.399604967214912
z_subj_trans.139,3000.0,-0.7889643135097559,0.0576489292143849,-0.9458122638918607,-0.8989610673787422,-0.7898358136048655,-0.672413923896925,-0.5119708147831188,0.0,-6.607642581555362
z_subj_trans.140,3000.0,-0.42779542499857803,0.0652402558810121,-0.6482653784665362,-0.5579197100869836,-0.42816967595015754,-0.3026602930299286,-0.21635573213665144,0.0,-3.235620135721125
z_subj_trans.253,3000.0,-1.0251189003389753,0.0701432938662715,-1.237055707717962,-1.1464048099885293,-1.0306270120748129,-0.8771989509373399,-0.7496112593365873,0.0,0.4613383255761404
z_subj_trans.254,3000.0,-0.569939209143999,0.05563400902780197,-0.7508750920712233,-0.6805634872184825,-0.5705859549154915,-0.4580090765743614,-0.38248664670859545,0.0,-3.4835853542894717
z_subj_trans.255,3000.0,-0.745838538622162,0.07329352234934777,-1.062812442794869,-0.9000755321974284,-0.7433507333269291,-0.6107391664218655,-0.5023529019635703,0.0,5.112003578212158
z_subj_trans.256,3000.0,-0.6113388862788097,0.05863943642846558,-0.7964675367566078,-0.7203654651816015,-0.6148695839807292,-0.4922310722845399,-0.4079352582590449,0.0,7.250101244123172
z_subj_trans.257,3000.0,-0.7951979525733252,0.08434285149187269,-1.0570359365281121,-0.9536437522630867,-0.7960486331911534,-0.6318561516911151,-0.5306388803455705,0.0,2.5031766761615692
z_subj_trans.258,3000.0,-0.6876678230099135,0.07594305053356855,-0.9441578576146539,-0.8343234638331566,-0.6867186532856593,-0.5463947306467818,-0.4449978448346994,0.0,-1.6157080921313942
z_subj_trans.259,3000.0,-1.710444795484285,0.07586577301845654,-1.9893516737352417,-1.8569008468651207,-1.7082337233266514,-1.5682945228506213,-1.4869046594663133,0.0,1.3063090024684096
z_subj_trans.260,3000.0,-1.1976380928013237,0.051658681767728,-1.3878782743726088,-1.3003506158512164,-1.1957992544287275,-1.0985444816072274,-1.0265565626549527,0.0,0.20540047326632543
z_subj_trans.262,3000.0,-0.6747088955303118,0.05744739197574406,-0.8513396596092702,-0.7810356265343927,-0.674873022403254,-0.5594735140896434,-0.44528089908235274,0.0,7.15339318993505
z_subj_trans.263,3000.0,-0.3906949078008451,0.05672029692754613,-0.6368199605145914,-0.4990016129763335,-0.3905353552498525,-0.2815871261945794,-0.17947386500796358,0.0,0.18608904866928933
z_subj_trans.264,3000.0,-0.8155002609631371,0.06138388100249803,-1.0030601724281096,-0.9313811759284524,-0.8177515034248031,-0.6911355324979843,-0.5849690814049129,0.0,2.6556295858070804
z_subj_trans.265,3000.0,-0.4769775542271296,0.06836422023144459,-0.696255552734899,-0.6102666656323084,-0.4772617986616351,-0.3444370825112115,-0.2423007636511998,0.0,3.332899230221018
z_subj_trans.266,3000.0,-1.513906252586105,0.06088519991347773,-1.7217899742309524,-1.6344920317895,-1.5149977212799675,-1.3917302665113367,-1.3436994873363999,0.0,-1.8765402645308533
z_subj_trans.267,3000.0,-0.6011109463202678,0.06986020903899041,-0.8330908906515667,-0.7294654157360528,-0.6060349515315012,-0.46157321475910557,-0.36026893456623377,0.0,10.1073474580704
z_subj_trans.268,3000.0,-0.81649494661125,0.08880027479292396,-1.1612533820289848,-0.996814175690464,-0.8158068514213928,-0.6451730524230385,-0.4940064335695217,0.0,-3.9618524787562563
z_subj_trans.269,3000.0,-0.7281527254327987,0.0768638165330233,-0.9584614557434812,-0.8785570047921553,-0.7295432770430538,-0.5697879970746109,-0.4281850132867747,0.0,-4.978278474844823
z_subj_trans.270,3000.0,-0.8321306704980355,0.06375800974493685,-1.0546623813749245,-0.9564145228732659,-0.8323382696880363,-0.7055956304144874,-0.5989942513966519,0.0,2.898644955230836
z_subj_trans.271,3000.0,-1.0005003397294332,0.07031555204766501,-1.194170100521746,-1.13183274621099,-1.0026730908596533,-0.8612339057941071,-0.7759814875633521,0.0,4.22201179339577
z_subj_trans.272,3000.0,-0.6108893733245682,0.08421856743698505,-0.9123337702656225,-0.7768560573530133,-0.6089866368194055,-0.4459441647417777,-0.3267571930886823,0.0,-0.7686919711249459
z_subj_trans.273,3000.0,-0.7919241774167297,0.07092913021580052,-0.9916038701433945,-0.924387714831783,-0.7962392236062406,-0.6376077238940437,-0.47169723600326285,0.0,-2.1796546962230545
z_subj_trans.274,3000.0,-1.178686671989442,0.08690128602694495,-1.450912550130914,-1.3392486750026362,-1.1822796684543389,-0.9984984414677646,-0.8758800621107639,0.0,-0.6965335932612091
z_subj_trans.275,3000.0,-0.6559553833064422,0.06752206880864303,-0.8749871049898676,-0.7987831916602545,-0.6549460436579733,-0.5273809932960962,-0.4562535043122589,0.0,-3.735683171962362
z_subj_trans.276,3000.0,-0.8986117971251225,0.0788494238501827,-1.1323216570015526,-1.0509537819310915,-0.899959057091734,-0.7326069539868214,-0.6185454425063128,0.0,-1.419799464388681
z_subj_trans.278,3000.0,-0.951373760910858,0.07240576326827808,-1.1679332911811664,-1.0779727676653896,-0.9562437889925421,-0.8032433059664479,-0.618963062865246,0.0,7.3275694332225
z_subj_trans.281,3000.0,-0.5848858178456862,0.06475837928669573,-0.7861083199693252,-0.7025873741550179,-0.5889263554088688,-0.4456398242850393,-0.3037905105814288,0.0,-1.8174351980064736
z_subj_trans.282,3000.0,-1.4151771863086116,0.07606290897241648,-1.7297484195587485,-1.551652286366196,-1.4192303216992417,-1.26463779338937,-1.1454185367748222,0.0,-0.6184531619460882
z_subj_trans.283,3000.0,-0.7817934972578123,0.05913302535467678,-0.9442136435115116,-0.8909933487534893,-0.7850564296771921,-0.6583727753471472,-0.5481982147078999,0.0,-1.621727829869702
z_subj_trans.284,3000.0,-0.791498369513687,0.08743548034939318,-1.0724441392306006,-0.9596743234865472,-0.7961340893066988,-0.6173925420753907,-0.47807820792027994,0.0,-5.7055049477620585
z_subj_trans.285,3000.0,-0.6731417352621927,0.06934145969216145,-0.8947230249027199,-0.8067718743260387,-0.671799687136797,-0.5419762087116841,-0.39169272243222875,0.0,3.3090762795300948
z_subj_trans.286,3000.0,-0.5038355525640462,0.06259007640368869,-0.7267658818897121,-0.6248007232826449,-0.5036792913478428,-0.3816503661089,-0.2481622172958658,0.0,0.9217327427083463
z_subj_trans.287,3000.0,-0.7747100537063961,0.08081053632814998,-1.0211415018476477,-0.9251341856506067,-0.7752962301947355,-0.6122394325545243,-0.5220010094205234,0.0,0.978092179666232
z_subj_trans.288,3000.0,-0.9037910236294344,0.09834382358915711,-1.3134095937379493,-1.0971688907999575,-0.9021629633072237,-0.7200252809209695,-0.6252873544680707,0.0,0.9682614941316252
z_subj_trans.289,3000.0,-0.9714674075293764,0.0853521697134557,-1.2287154804269813,-1.1311862788819698,-0.9750628669374293,-0.7962831462338089,-0.6876598629292336,0.0,-7.713079509413298
z_subj_trans.290,3000.0,-0.5433587278912506,0.058149318652164037,-0.7160124394907988,-0.6483028614404203,-0.5452555818425482,-0.4246351993899515,-0.26853453473450983,0.0,0.49459127671719516
z_subj_trans.291,3000.0,-0.4696734801795025,0.05397851608762358,-0.6746845542764001,-0.5777831180900465,-0.4679434643356002,-0.36618631726757545,-0.3068346181630866,0.0,-1.9925739071930815
z_subj_trans.292,3000.0,-0.9325602553951541,0.054461539282949264,-1.098380185473491,-1.0305010471194769,-0.9352751087365316,-0.8203746830729982,-0.7353666140263387,0.0,3.8533754822965434
z_subj_trans.293,3000.0,-0.7756846906849015,0.05241771813490112,-0.975757196424547,-0.8737435930373202,-0.7783789878837487,-0.6613906777597854,-0.5928903359332799,0.0,-1.7045390250422277
z_trans,3000.0,-0.9164129449313754,0.07706184482780701,-1.3087389347524276,-1.0679605044826905,-0.9158734754556694,-0.7650550356549504,-0.6842407902120597,0.0,-1.0948603672113544
