true_a_Intercept, true_a_showprog_c, true_a_progress_c, true_a_progress_c2, true_a_showprog_c:progress_c, true_v_Intercept, true_v_showprog_c, true_v_progress_c, true_v_progress_c2, true_v_showprog_c:progress_c, true_v_showprog_c:progress_c2, true_t_Intercept, true_t_showprog_c, true_t_progress_c, true_t_progress_c2, true_t_showprog_c:progress_c, true_theta_Intercept, true_theta_showprog_c, true_theta_progress_c, true_theta_progress_c2, est_a_Intercept, est_a_showprog_c, est_a_progress_c, est_a_progress_c2, est_a_showprog_c:progress_c, est_v_Intercept, est_v_showprog_c, est_v_progress_c, est_v_progress_c2, est_v_showprog_c:progress_c, est_v_showprog_c:progress_c2, est_t_Intercept, est_t_showprog_c, est_t_progress_c, est_t_progress_c2, est_t_showprog_c:progress_c, est_theta_Intercept, est_theta_showprog_c, est_theta_progress_c, est_theta_progress_c2
2.092225892,0.154981758,-0.500805939,0.39323501,0.48058028,1.081366304,-1.005340081,-0.621332145,-0.799658856,-0.478358356,0.180831203,1.081778734,0.214796324,-0.02818949,-0.387090526,0.113608567,0.407103323,0.251817676,-0.101635967,-0.125058638,2.131314349,0.242449434,-0.213260822,0.454232372,0.451461864,1.134949637,-1.080410918,-0.599815576,-0.81632915,-0.565459691,0.165707819,1.086593048,0.183641956,-0.113065853,-0.396428951,0.122040685,0.384572213,0.308007815,-0.040432906,-0.114311841
,,,,,,,,,,,,,,,,,,,,,,,,,,,,,,,,,,,,,,,
0.988625328,-0.044076616,0.169770132,0.465137549,-0.432240978,1.003081158,-0.28036263,-0.098822319,0.537093247,-0.638191329,0.436782046,1.182338137,-0.446279359,0.312480484,-0.135135848,-0.014763092,0.324600164,-0.053201018,-0.046722666,-0.24815427,0.955812155,-0.041143407,0.183795168,0.573609457,-0.468852992,1.074595583,-0.297362254,-0.067654684,0.57971628,-0.696489535,0.472318865,1.192688009,-0.447185299,0.307850097,-0.164454098,-0.007621241,0.320564049,-0.046160752,-0.053425433,-0.188720867
,,,,,,,,,,,,,,,,,,,,,,,,,,,,,,,,,,,,,,,
1.475003246,0.056799289,-0.233028876,0.28768821,-0.54497308,-0.130722642,-0.173079625,-1.019194114,0.06685115,0.246535681,1.494292234,0.766245537,-0.1613171,0.438619889,-0.045383252,-0.393439245,0.410185466,0.016902062,-0.320640725,-0.032394919,1.519724365,0.067258797,-0.227797437,0.300531724,-0.552143249,-0.100081521,-0.173752041,-1.045268647,0.068168849,0.266185808,1.553367391,0.759812698,-0.162630157,0.437687752,-0.046003859,-0.394896021,0.40569054,0.020555602,-0.301797815,-0.029072168
,,,,,,,,,,,,,,,,,,,,,,,,,,,,,,,,,,,,,,,
1.866591836,0.471298191,-0.294780309,0.398638741,0.299162372,-0.230013106,0.99662755,1.369190133,0.963014341,0.640852236,-0.566451444,0.91052403,0.424634953,-0.373513431,-0.280687977,-0.270525952,0.66896247,0.087126473,0.177742932,-0.31381236,1.959274071,0.505023094,-0.303929678,0.360503639,0.312411879,-0.248338945,1.023970481,1.412816797,0.997521938,0.668358137,-0.563134562,0.880123057,0.421529199,-0.374555801,-0.252518537,-0.263667069,0.718297092,0.08685068,0.173132805,-0.325995328
,,,,,,,,,,,,,,,,,,,,,,,,,,,,,,,,,,,,,,,
1.63707584,0.098489044,-0.636645735,-0.460018108,-0.34637532,1.851219471,-0.201374511,0.70397019,0.424724087,0.839160957,0.032209369,1.089383307,0.079918581,0.289906698,0.050799986,-0.275448183,0.702936272,0.006155782,0.01493029,-0.003118093,2.637317206,0.202181398,-0.282927058,-0.577211524,-0.039357199,2.116848336,-0.882038446,1.148286441,0.112147701,1.148244424,0.112235165,1.133103323,0.083888378,0.229298596,0.023332775,-0.319391328,0.418161509,0.516255417,0.000516801,0.000850572
,,,,,,,,,,,,,,,,,,,,,,,,,,,,,,,,,,,,,,,
1.442768687,0.309519548,0.123593178,0.557799795,0.34757924,0.062335326,1.473297522,0.535980884,0.344290471,-0.239383997,-1.007289902,1.115409652,-0.388581482,0.377350076,0.06045309,-0.317524539,0.557410838,-0.279770928,-0.271481289,-0.067665583,1.453403707,0.354542835,0.178327816,0.58174616,0.370948787,0.099425425,1.540566579,0.567430252,0.329340828,-0.247992645,-1.032700494,1.103277952,-0.390000578,0.375273832,0.068147381,-0.31911757,0.564740388,-0.272066234,-0.25575696,-0.048583398
,,,,,,,,,,,,,,,,,,,,,,,,,,,,,,,,,,,,,,,
1.706377322,-0.241272481,0.39140571,0.099648273,-0.361523739,0.066818083,-0.256487449,-0.78749964,-1.208480865,0.796157349,0.507663004,0.55682159,0.172139178,-0.419147707,0.395861399,-0.382718339,0.490837934,-0.106427495,0.011142454,-0.218855863,1.754620686,-0.275732139,0.450210793,0.14195714,-0.384249075,0.127393174,-0.273733824,-0.825260985,-1.285220068,0.841736447,0.534080725,0.575744237,0.183804557,-0.437314823,0.388716175,-0.376735784,0.511614258,-0.11261686,0.019417099,-0.206083764
,,,,,,,,,,,,,,,,,,,,,,,,,,,,,,,,,,,,,,,
1.423860944,-0.581101664,-0.184280602,0.618691148,-0.080695735,0.249408267,-0.755093585,0.569680033,0.279895034,-0.229919252,-0.805047422,0.787985758,-0.230585056,0.350202593,0.38344653,-0.21321606,0.585395688,0.102134528,-0.067288982,-0.079723612,1.484903292,-0.626205249,-0.149356308,0.610128884,-0.118372701,0.266214279,-0.791077678,0.582053399,0.24975151,-0.259403509,-0.806270966,0.78684362,-0.22886738,0.340543362,0.389347679,-0.203128479,0.614274342,0.09487005,-0.068658926,-0.087624094
,,,,,,,,,,,,,,,,,,,,,,,,,,,,,,,,,,,,,,,
2.045412617,-0.272936126,0.507937951,0.005737666,0.625722531,-0.29483005,-0.275942165,-0.066335664,0.811322354,1.104648199,-0.352867235,0.552765111,-0.066575519,0.196131899,0.165362727,-0.073218442,0.602600852,0.166487215,-0.321535255,0.053828011,2.100437752,-0.272244266,0.524481618,-0.003516396,0.647940786,-0.315321648,-0.273406434,-0.087750216,0.85473331,1.142130715,-0.410014074,0.555110053,-0.070923795,0.193173344,0.168486303,-0.072661523,0.618246138,0.165843201,-0.306126706,0.047169026
,,,,,,,,,,,,,,,,,,,,,,,,,,,,,,,,,,,,,,,
1.727804196,-0.354298177,0.113649326,-0.364465187,0.251815686,1.126684725,-0.489773756,0.268506965,0.038083095,1.262880608,-0.434581074,0.927856212,-0.387345756,-0.382797357,-0.310443641,0.080779053,0.419361567,-0.079242719,0.299282486,0.177614657,1.729574833,-0.355574456,0.115539934,-0.354980455,0.340837815,1.19747053,-0.542980605,0.236308196,0.039492048,1.332359768,-0.432347009,0.931960494,-0.387556725,-0.38616142,-0.312995087,0.059207854,0.414732233,-0.052916281,0.356039485,0.183425071
,,,,,,,,,,,,,,,,,,,,,,,,,,,,,,,,,,,,,,,
1.649670423,0.190316476,0.479257498,0.095146193,-0.631589398,0.730656732,0.478529197,-0.104363714,-0.862959439,-0.490925707,-0.950403351,0.857724913,0.076387525,0.330014421,-0.438955316,-0.232462919,0.707634747,0.199288617,-0.126768746,-0.248796871,1.742197171,0.229822535,0.525834299,0.146591274,-0.639084935,0.836533641,0.480969909,-0.087540508,-0.860522986,-0.537807188,-0.960809298,0.856039668,0.06845395,0.314107451,-0.456487233,-0.233056683,0.724783202,0.20646276,-0.109195525,-0.224368441
,,,,,,,,,,,,,,,,,,,,,,,,,,,,,,,,,,,,,,,
2.223575154,0.140813334,-0.463361713,-0.6355529,0.466199051,0.112242817,0.100461881,-1.407596221,0.907990067,1.105495434,-0.512843439,0.762916713,-0.025907946,0.043850717,0.148778546,0.37442564,0.846418253,-0.045135307,0.262054357,-0.286706811,2.257777704,0.12479479,-0.439867448,-0.659373911,0.482383039,0.133624272,0.088136615,-1.399519784,0.947918125,1.134937949,-0.523822065,0.774600217,-0.022924296,0.037054217,0.151223294,0.380084532,0.866045881,-0.050520837,0.278688369,-0.292918856
,,,,,,,,,,,,,,,,,,,,,,,,,,,,,,,,,,,,,,,
1.634678208,-0.416208062,0.332513337,0.537900724,0.585963596,-0.480913009,-1.072876194,1.071818427,0.391335727,-0.014731013,-1.042496467,0.767777416,-0.468531761,-0.366944411,0.427750766,-0.045071812,0.646957266,0.02036327,0.043343803,0.174137151,1.735202133,-0.493181637,0.391070782,0.539861475,0.562721511,-0.498066923,-1.126447402,1.08482063,0.362992266,-0.044170645,-1.01413815,0.764446269,-0.464813844,-0.367674052,0.423526588,-0.038987565,0.693039748,0.004699427,0.063088901,0.156894209
,,,,,,,,,,,,,,,,,,,,,,,,,,,,,,,,,,,,,,,
2.219545467,-0.056569752,0.224656156,0.212602419,0.010759881,-0.37587547,-0.767755953,0.325080456,-0.785391692,-1.348099079,0.431423336,1.200804067,-0.251699494,0.099997869,-0.192896095,-0.431267569,0.65786771,0.120396545,0.149809531,0.029681078,2.459791811,0.048801597,-0.029700001,0.325293149,0.031381486,-0.346233146,-0.768231043,0.359078269,-0.801024506,-1.397069643,0.463535188,1.190834669,-0.264293659,0.131008898,-0.198382978,-0.437105425,0.743907717,0.142109928,0.079398076,0.049057783
,,,,,,,,,,,,,,,,,,,,,,,,,,,,,,,,,,,,,,,
2.005230094,-0.452117977,-0.365584635,0.168278667,-0.459243043,-0.757423661,0.254338008,-1.495210501,0.373771524,-1.169847062,1.073775801,1.005542958,0.243595285,0.064672003,0.476173824,-0.416092691,0.892190482,0.070667084,0.344434584,-0.105555899,2.271868136,-0.564992533,-0.49127792,0.006275807,-0.49023379,-0.72339684,0.282832379,-1.520452655,0.317046959,-1.209104119,1.08213701,0.965436134,0.259652013,0.099601605,0.508796725,-0.409703495,0.954270908,0.05272844,0.303417575,-0.145379143
,,,,,,,,,,,,,,,,,,,,,,,,,,,,,,,,,,,,,,,
1.785936462,-0.276958199,0.658740369,-0.338756376,-0.453132395,-0.177963234,-0.230524525,0.852244032,-0.535679072,-0.674032386,-0.056676664,1.149261186,-0.032920593,-0.01255862,0.066267782,0.109137874,0.495428524,0.064104356,0.142607098,-0.326484164,1.770029861,-0.291092195,0.668159524,-0.268804428,-0.474626989,-0.179982686,-0.247380974,0.906912363,-0.574517172,-0.701998662,-0.053219014,1.150217825,-0.034975484,-0.010030357,0.043906107,0.111361111,0.511838884,0.057385431,0.12447398,-0.282607289
,,,,,,,,,,,,,,,,,,,,,,,,,,,,,,,,,,,,,,,
1.439938535,-0.53137782,-0.211529907,0.43575725,0.301725839,0.021409976,1.256423623,0.08885837,-1.400652173,0.570361238,-1.092112392,1.373583141,-0.339943355,0.110374037,-0.425538252,0.146689833,0.837585394,0.074949812,-0.308722538,-0.035636351,1.519563065,-0.60366038,-0.172897937,0.392481513,0.314277314,0.003987598,1.303595553,0.100639007,-1.430268438,0.621120133,-1.116932052,1.366307098,-0.333075194,0.106358716,-0.412107831,0.145931372,0.862352092,0.054875831,-0.283078786,-0.049401269
,,,,,,,,,,,,,,,,,,,,,,,,,,,,,,,,,,,,,,,
1.969587607,0.291370876,0.333777587,-0.137210354,-0.00988081,0.259697284,-0.353855632,0.779226966,-0.682974657,0.731942817,0.042132638,0.551189754,0.043627101,-0.064744867,0.09619618,-0.050711829,0.594355678,-0.08111216,-0.105829696,-0.235498048,1.98491054,0.297846441,0.358054207,-0.179933759,-0.023609232,0.271469005,-0.363667335,0.805145617,-0.69843476,0.775395539,0.042882944,0.561984882,0.046562811,-0.06119701,0.098151086,-0.046897652,0.611774335,-0.079185246,-0.081969707,-0.252437172
,,,,,,,,,,,,,,,,,,,,,,,,,,,,,,,,,,,,,,,
2.257883478,0.272764523,0.118131306,-0.269055323,-0.081734367,-0.231817687,-0.545151856,0.619724786,-1.022138416,0.308842436,0.647816193,0.70287542,-0.13220094,0.160552051,0.359122948,-0.001989126,0.493172711,-0.262107198,0.308850051,0.055034298,2.357817592,0.345711046,0.102602823,-0.179151121,-0.132842064,-0.243702952,-0.590760534,0.656266329,-1.067490217,0.307540515,0.68103016,0.732435606,-0.141347011,0.160497486,0.340707207,0.00849367,0.524610824,-0.247020399,0.305339896,0.080988224
,,,,,,,,,,,,,,,,,,,,,,,,,,,,,,,,,,,,,,,
2.076012042,-0.168802245,0.480650947,-0.501853355,0.333111389,-0.384167199,0.873770414,0.988945729,1.491897664,0.59709928,-0.798708377,1.13105541,0.195110124,-0.379643143,0.286772818,0.039519445,0.454037669,-0.1162892,-0.041681959,-0.210474102,2.086982511,-0.137240754,0.602972252,-0.475438321,0.395012083,-0.394978968,0.934739897,1.048125646,1.552368912,0.632352161,-0.860710641,1.143362439,0.188633739,-0.405855551,0.279817689,0.036771753,0.481850379,-0.102030815,-0.021815713,-0.20056372
,,,,,,,,,,,,,,,,,,,,,,,,,,,,,,,,,,,,,,,
1.620510885,-0.557995147,-0.435298042,0.484023559,-0.063861749,-0.102064154,-1.00225804,1.350797588,-0.136138689,0.172514333,0.512612284,1.21301547,0.143857821,-0.430236876,0.133696118,0.181417008,0.62607418,0.072541606,0.147003946,-0.336953922,1.64976995,-0.611718514,-0.364300188,0.47833483,-0.114689868,-0.08425869,-1.049715693,1.425983283,-0.158522907,0.173213306,0.533874869,1.225030675,0.144205716,-0.452122615,0.139154019,0.198466608,0.632823502,0.052193083,0.163563154,-0.327357539
,,,,,,,,,,,,,,,,,,,,,,,,,,,,,,,,,,,,,,,
1.650662863,-0.65090734,-0.036498222,-0.052311207,-0.111659944,-1.080876443,-0.527735662,0.191030611,1.110428945,-1.490523008,0.233265056,1.188330968,-0.099134192,0.067118668,-0.421608424,0.206651288,0.798091176,-0.260216869,-0.29752506,-0.276529922,1.735553615,-0.722570514,-0.043586847,-0.052747155,-0.096781404,-1.181708021,-0.538156372,0.175284311,1.138799282,-1.528091935,0.239990852,1.196095535,-0.084460769,0.072235608,-0.425574324,0.20272212,0.804103077,-0.273607368,-0.286362464,-0.263811655
,,,,,,,,,,,,,,,,,,,,,,,,,,,,,,,,,,,,,,,
1.571869698,0.216459413,0.640568458,0.310190629,0.331857619,-0.758899618,0.33447694,-0.33993919,-0.221842977,0.026912794,-1.485673873,1.023142285,-0.045155355,-0.19813992,-0.03495503,-0.265116054,0.560979149,-0.274832829,0.014461413,-0.125325491,1.620488701,0.262807542,0.7183456,0.427770333,0.378993403,-0.806885826,0.326138853,-0.365687013,-0.208360854,0.045101418,-1.540302294,1.023891626,-0.056348115,-0.212342484,-0.066920834,-0.281411919,0.576792499,-0.262446391,0.025456953,-0.096368371
,,,,,,,,,,,,,,,,,,,,,,,,,,,,,,,,,,,,,,,
1.360988867,-0.312451883,0.063451099,0.649976573,0.249112332,0.167214995,0.529593864,1.451238666,0.246462839,-0.899427871,-1.325513178,1.364873208,-0.107118585,-0.013948455,-0.465678315,-0.275110615,0.460350161,0.001854689,-0.163135688,0.138511207,1.344001704,-0.316052948,0.07077731,0.652663593,0.229044811,0.159864201,0.569941996,1.511212401,0.26826305,-0.949748161,-1.403975647,1.373049428,-0.108801717,-0.014197308,-0.460941128,-0.266191218,0.502808068,0.00120686,-0.157774747,0.134128172
,,,,,,,,,,,,,,,,,,,,,,,,,,,,,,,,,,,,,,,
1.890527523,0.101598207,0.036359827,-0.170087862,-0.456192684,0.317748488,0.331829326,-0.890513045,0.876177772,1.249797821,0.451818336,0.841360897,0.247404451,0.413664219,-0.323577584,0.316077606,0.642833161,0.038128146,-0.234582941,0.00265585,1.928949235,0.102558299,0.007004932,-0.153532276,-0.45682979,0.370902134,0.361945355,-0.89955754,0.869910909,1.292795579,0.446179701,0.855977802,0.249647986,0.418325852,-0.325914049,0.313173733,0.664819066,0.033673604,-0.246412386,0.004301691
,,,,,,,,,,,,,,,,,,,,,,,,,,,,,,,,,,,,,,,
1.223468726,0.296066523,0.543096144,0.210199371,0.642905292,0.41338464,0.232454811,-1.244194428,1.113792872,-0.219294955,0.322298597,1.316123565,0.011782064,-0.087699112,-0.441105474,0.326762746,0.543757478,-0.325148125,-0.119626302,-0.116314408,1.225244683,0.328694464,0.580654004,0.26728894,0.658522679,0.432666061,0.257970145,-1.249891107,1.125670014,-0.237244921,0.322881491,1.323885325,0.010479764,-0.084760657,-0.455219956,0.333468337,0.546485346,-0.303147654,-0.105208754,-0.09185573
,,,,,,,,,,,,,,,,,,,,,,,,,,,,,,,,,,,,,,,
1.82231876,0.383601165,-0.218798835,-0.159791517,0.447174357,0.402750473,0.355658231,-1.130214685,-0.032070171,-0.442071928,-0.198935832,1.209914963,-0.10272042,-0.397741003,0.079243091,-0.159199552,0.663482958,-0.201654822,-0.336262741,0.020166067,1.882470311,0.422540013,-0.255893955,-0.167172203,0.430602798,0.367325363,0.384366782,-1.137607683,-0.037281628,-0.507859545,-0.189561018,1.204516181,-0.1026663,-0.388973589,0.0745936,-0.149381353,0.684909308,-0.188763312,-0.341860913,0.017636184
,,,,,,,,,,,,,,,,,,,,,,,,,,,,,,,,,,,,,,,
2.224131769,-0.39933027,-0.051903096,-0.66339384,-0.30685108,-0.447408297,-1.077673509,0.562132259,0.747243975,0.258794632,0.785530992,0.916765948,-0.338654964,0.24599305,0.059386843,-0.355383734,0.715213225,-0.107912486,0.328717231,-0.193037442,2.283185174,-0.402699517,-0.042954386,-0.72155659,-0.317975641,-0.482603219,-1.105230208,0.575971971,0.769944512,0.29020839,0.808337395,0.925012738,-0.345772307,0.24686482,0.072838548,-0.34815404,0.740552615,-0.105968362,0.329880973,-0.200301612
,,,,,,,,,,,,,,,,,,,,,,,,,,,,,,,,,,,,,,,
2.064977861,-0.009716177,0.562335606,0.254315167,0.174406051,0.267521925,0.286483464,-0.200163054,1.025509331,0.440570704,-0.03261682,1.276842025,0.229863678,-0.272609026,-0.300770886,0.09479278,0.911102635,0.026832409,0.332597012,-0.333459641,2.116148576,-0.029629246,0.586511054,0.235590763,0.171057488,0.382763483,0.292264753,-0.200998069,1.036754942,0.432397453,-0.034681936,1.278783351,0.23142669,-0.264684689,-0.302919471,0.098204737,0.931536071,0.020651786,0.339165995,-0.336574104
,,,,,,,,,,,,,,,,,,,,,,,,,,,,,,,,,,,,,,,
1.261393054,-0.185966453,-0.145624416,0.609880162,-0.215858994,0.471983907,0.166786403,-0.1555251,-0.382911371,1.399365381,0.729022363,1.248169865,0.143194646,-0.080828883,0.192277976,-0.120755379,0.480473288,0.024591262,0.002592827,0.015702141,1.28652753,-0.188112436,-0.094991762,0.643409607,-0.228272802,0.495176253,0.166599101,-0.147512293,-0.378763,1.460010808,0.770109691,1.260342928,0.141681317,-0.102877234,0.190077539,-0.116556881,0.470611837,0.023562391,0.014988639,0.032441958
,,,,,,,,,,,,,,,,,,,,,,,,,,,,,,,,,,,,,,,
1.520586376,0.166201424,0.588841032,-0.082963403,-0.55818036,-0.531015089,-1.480847185,0.701576583,-0.271203402,-0.39375845,1.329975858,1.114179929,0.267993668,-0.374928527,0.066680582,-0.037139255,0.640423904,0.056156198,0.141603825,0.06503274,1.55285588,0.182018132,0.622425186,-0.097351563,-0.568693388,-0.508860821,-1.536919009,0.699248499,-0.267571039,-0.378656541,1.369435923,1.106841646,0.267003929,-0.379937163,0.06842871,-0.035478737,0.657642763,0.062060097,0.147964427,0.067628805
,,,,,,,,,,,,,,,,,,,,,,,,,,,,,,,,,,,,,,,
1.374681491,0.061599135,-0.058830515,-0.090375948,-0.455067858,1.080677234,0.35468483,-0.71841461,0.563613294,0.455036978,-0.829689462,0.785099919,-0.12414438,-0.141184924,0.34451253,-0.165182398,0.426703325,0.266892934,-0.343350041,0.144582037,1.384725395,0.044057023,-0.002486409,-0.032559425,-0.453410778,1.067128834,0.343956641,-0.703399981,0.560894045,0.457676211,-0.85893454,0.810424925,-0.121489498,-0.148227494,0.330419213,-0.163960761,0.447831245,0.253438296,-0.308466611,0.171323679
,,,,,,,,,,,,,,,,,,,,,,,,,,,,,,,,,,,,,,,
1.628115265,-0.202671842,0.387995803,0.03894892,-0.206098579,-0.38773564,-0.632185982,-0.156279612,-0.464239774,-1.36212604,-0.038371321,1.086745629,0.142400667,0.371413596,-0.205521489,0.10063213,0.433058235,-0.156461277,-0.278535311,0.151768258,1.673485583,-0.198819309,0.494122879,0.043386043,-0.213807195,-0.403475705,-0.663758267,-0.154339888,-0.472197823,-1.423469236,-0.030431548,1.0949743,0.141317353,0.353309329,-0.207577788,0.098022402,0.45719882,-0.151136365,-0.235707221,0.151859097
,,,,,,,,,,,,,,,,,,,,,,,,,,,,,,,,,,,,,,,
1.841012857,-0.262641553,0.399899473,-0.067295937,0.014492492,-0.008163089,-0.59126068,-0.401911523,-0.037163853,1.473758646,0.849309201,1.137454599,0.199248295,-0.38388366,0.144604824,0.360264026,0.494602892,-0.156935053,0.073571206,-0.025175648,1.890526775,-0.28596847,0.406319121,-0.047656588,0.02256856,0.060973269,-0.610972488,-0.410042068,-0.021714595,1.549631211,0.867038375,1.1409414,0.208078691,-0.381812307,0.13907759,0.35326957,0.511104053,-0.157998322,0.077353335,-0.013311659
,,,,,,,,,,,,,,,,,,,,,,,,,,,,,,,,,,,,,,,
1.66342076,-0.513317571,0.075437574,0.009413191,0.593377312,0.619048937,0.07562527,-0.235791459,1.26411812,0.316423892,0.149070439,1.114792676,-0.035791439,-0.096297986,0.372238582,-0.215462702,0.705644908,0.025001862,-0.0514949,-0.21162884,1.704163877,-0.548657549,0.03047315,-0.015571702,0.609672603,0.606616544,0.067761686,-0.264363528,1.366570826,0.357616478,0.149635513,1.115783407,-0.032672431,-0.087827326,0.388021043,-0.208400793,0.727786399,0.018019967,-0.05916091,-0.226402808
,,,,,,,,,,,,,,,,,,,,,,,,,,,,,,,,,,,,,,,
1.40585511,-0.342270031,-0.593910204,-0.027452962,0.593829814,-0.058926694,0.392699654,0.708123907,-0.162790494,0.821490415,0.072450033,1.02631572,0.095796312,0.204064351,0.258468643,-0.004550921,0.45146054,0.025085488,0.227698016,-0.058697551,1.401100677,-0.365724094,-0.681609177,-0.026553385,0.623616225,-0.052235976,0.418007788,0.728871052,-0.199133817,0.837341103,0.053625339,1.011283796,0.098763834,0.216670055,0.256287704,-0.008598475,0.46038382,0.010372416,0.182040509,-0.048381407
,,,,,,,,,,,,,,,,,,,,,,,,,,,,,,,,,,,,,,,
2.045243524,-0.317207309,0.433585992,-0.466018836,-0.599090432,-0.947915678,-0.875831387,1.062253849,1.402550057,-0.874855802,-0.320606369,1.631357455,-0.217015625,0.118631694,-0.019774143,-0.059597691,0.942278143,0.118520643,-0.098010315,-0.0975689,2.04924023,-0.342526085,0.466013259,-0.451490841,-0.621703661,-0.972821502,-0.93141997,1.100934324,1.495405262,-0.901330565,-0.278597688,1.6374378,-0.215426328,0.113541405,-0.023530864,-0.050412553,0.943240076,0.109405608,-0.086738229,-0.08730444
,,,,,,,,,,,,,,,,,,,,,,,,,,,,,,,,,,,,,,,
1.664729083,0.3371017,0.417366183,0.082848238,0.601143683,0.743675642,-1.312338324,-0.692816287,-0.546938681,-0.01772158,1.202109853,1.02394756,0.202260505,0.272629485,0.354922222,-0.256527346,0.724172834,-0.117475879,0.258990773,-0.229878519,1.689937967,0.359896363,0.465268539,0.086685167,0.657864432,0.761503491,-1.367839862,-0.759897326,-0.566266415,-0.067710383,1.255872372,1.030899464,0.204235289,0.264728469,0.358452524,-0.262651591,0.742493175,-0.106506669,0.270220826,-0.228174503
,,,,,,,,,,,,,,,,,,,,,,,,,,,,,,,,,,,,,,,
2.18290903,0.125395507,-0.509257416,-0.285492404,-0.281885628,0.530869621,0.601000631,-0.772787049,0.15214059,0.256219291,-1.174936069,1.10637809,0.229535248,-0.284785182,-0.480909616,-0.064378219,0.487102188,0.021418016,0.04851875,0.115008482,2.211373127,0.147021591,-0.542562242,-0.257012359,-0.269961798,0.551685777,0.626773689,-0.83013271,0.12055281,0.251680984,-1.224830693,1.132736554,0.227929354,-0.30626679,-0.497156399,-0.076370858,0.505752509,0.02495974,0.039510163,0.124456371
,,,,,,,,,,,,,,,,,,,,,,,,,,,,,,,,,,,,,,,
2.050541656,-0.284312857,0.23783847,-0.116306315,-0.217332196,0.476670211,1.021978795,-1.262431339,-0.16965009,0.480803656,-0.962818498,1.117253524,0.070880035,-0.490960028,-0.031717744,-0.215942222,0.908257037,-0.003420536,-0.077973127,-0.315270301,2.047383235,-0.298446775,0.213251004,-0.077198771,-0.22666809,0.445182654,1.03918234,-1.303348637,-0.143773969,0.474679606,-0.980228605,1.15855279,0.07159033,-0.479308234,-0.033099129,-0.215064495,0.880519438,-0.006889892,-0.082136864,-0.299374512
,,,,,,,,,,,,,,,,,,,,,,,,,,,,,,,,,,,,,,,
1.640742739,-0.256793144,-0.020362642,-0.114142786,0.313229492,-0.017093533,0.518121075,-0.944705307,-1.437791192,-0.327829282,-0.941904044,1.118322403,0.063154004,-0.477011071,-0.078016615,0.478655249,0.661014883,0.015575043,-0.232533308,-0.052008109,1.652413807,-0.270044581,-0.007455611,-0.112114591,0.324576568,-0.005637966,0.542210335,-1.017356183,-1.495623326,-0.350484356,-0.968736015,1.150089316,0.061267109,-0.484011982,-0.08288049,0.477370569,0.659014325,0.010363835,-0.225077006,-0.047996416
,,,,,,,,,,,,,,,,,,,,,,,,,,,,,,,,,,,,,,,
1.55501833,0.141402591,-0.009910186,0.169556992,-0.444045249,-0.080596994,0.890646253,0.240629047,0.119709697,1.09096395,-0.359029131,1.357815715,-0.265001701,0.064663824,-0.186745721,-0.127043001,0.764407726,0.10959393,-0.03784915,-0.083527972,1.548138044,0.146400569,0.042912569,0.176991882,-0.442356684,-0.095362758,0.902842296,0.236872321,0.112682561,1.130309686,-0.353881554,1.357297462,-0.264195802,0.051778794,-0.180680346,-0.126495599,0.757767881,0.112272555,-0.021920573,-0.071091608
,,,,,,,,,,,,,,,,,,,,,,,,,,,,,,,,,,,,,,,
1.635342346,-0.054043987,0.662478577,0.00651704,-0.29786125,-0.224805355,0.342959636,0.049187163,0.684604718,-1.394191423,-0.650714621,0.863302291,0.019318955,-0.194077374,0.077648233,-0.003762842,0.351940511,-0.223533698,0.104355257,0.23362686,1.70198096,-0.067555168,0.690092622,-0.0207982,-0.319161521,-0.281993804,0.365506164,0.013515994,0.697053789,-1.45241446,-0.692412639,0.862452973,0.024816027,-0.198622508,0.087738525,-0.010610153,0.395987729,-0.219981587,0.108561568,0.219649333
,,,,,,,,,,,,,,,,,,,,,,,,,,,,,,,,,,,,,,,
1.37498889,0.43495424,-0.384214332,0.185293203,0.292226511,-0.677890729,0.805016488,0.359963859,0.750680715,1.260468227,1.140487887,0.701462264,-0.01413657,0.484260478,0.225497764,0.453647706,0.731965552,-0.024207953,0.241102694,-0.291441677,1.405310643,0.446283452,-0.375613818,0.135634647,0.289493913,-0.684097865,0.822107279,0.365506644,0.770711285,1.298190179,1.193566906,0.683470461,-0.01414611,0.479384537,0.237750086,0.457917445,0.755506952,-0.024858352,0.228835926,-0.321927068
,,,,,,,,,,,,,,,,,,,,,,,,,,,,,,,,,,,,,,,
1.397700477,0.427884215,-0.003063781,0.481312278,0.413077109,0.134529752,0.000892024,-0.72465036,-0.134993333,1.068909728,-1.025384727,0.862202853,-0.238474447,-0.079125401,0.133144903,0.043919131,0.443772224,0.054978281,0.000476601,-0.167991818,1.439605011,0.463203667,0.024922156,0.494305229,0.438060569,0.167575567,0.026432112,-0.728682847,-0.178688554,1.114266924,-1.132363108,0.871270927,-0.23946514,-0.084301402,0.139794805,0.034761384,0.470236711,0.062306013,0.023225158,-0.176448701
,,,,,,,,,,,,,,,,,,,,,,,,,,,,,,,,,,,,,,,
1.706210123,-0.634113127,0.116029905,-0.383281492,0.360763294,0.581766037,0.105115292,-0.22878126,-0.01534624,0.28297895,-0.356639389,0.961718315,0.160004789,0.368247802,0.08790274,0.153046696,0.492622103,0.010899888,0.323573925,0.244877953,1.739345379,-0.656199289,0.136555091,-0.380355183,0.351956596,0.573435778,0.092326254,-0.265879028,-0.040429953,0.324121617,-0.371287413,0.995669944,0.157512509,0.360956293,0.084116868,0.162995426,0.505939425,0.006554925,0.330922984,0.248871866
,,,,,,,,,,,,,,,,,,,,,,,,,,,,,,,,,,,,,,,
1.582034142,-0.114489791,-0.293224334,0.383809781,-0.087013287,0.554346954,0.486325246,0.224618389,-0.747787212,0.255474487,-0.992359767,1.453871215,0.261378791,0.012078656,-0.185588903,0.005079249,0.875981507,0.026297859,-0.041256066,-0.213694207,1.625702013,-0.13294031,-0.304136098,0.437006603,-0.077719987,0.62509807,0.497596108,0.228096807,-0.739069422,0.273475635,-1.025597765,1.456031544,0.264103754,0.015212087,-0.198398731,-0.001021746,0.860489899,0.021655778,-0.042382193,-0.201415983
,,,,,,,,,,,,,,,,,,,,,,,,,,,,,,,,,,,,,,,
1.327952599,-0.125971257,-0.125834446,-0.377146182,0.180903016,0.672386254,0.812566111,0.657710837,-0.38801155,0.933850974,-0.047491487,0.932840139,-0.10535344,0.118083321,0.152368934,0.093343489,0.562975261,-0.008069387,-0.225287962,-0.314771809,1.376514547,-0.125437852,-0.152161711,-0.377094187,0.196353374,0.725532288,0.816077118,0.658126313,-0.408712602,0.93098343,-0.018541823,0.912777792,-0.107603939,0.129209863,0.151238067,0.086689788,0.565736366,-0.006931318,-0.227325461,-0.312050314
,,,,,,,,,,,,,,,,,,,,,,,,,,,,,,,,,,,,,,,
1.643750621,-0.346181367,-0.308449667,0.20153841,-0.245332676,-0.567887526,0.551502745,-1.104873464,0.694950999,0.305571249,0.488445384,1.375992441,0.075138993,0.429494996,-0.357373215,-0.044683761,0.349701199,0.157602846,-0.306842693,0.286348328,1.734536581,-0.446424517,-0.185407781,0.192234429,-0.421446347,-0.612418016,0.610971906,-1.23292003,0.733553105,0.377082128,0.493032891,1.354125838,0.083454712,0.417722537,-0.355606443,-0.026743469,0.380846884,0.142510035,-0.331856668,0.279160211
,,,,,,,,,,,,,,,,,,,,,,,,,,,,,,,,,,,,,,,
1.361103527,0.387885337,0.438149022,0.583280659,0.01144373,0.181901893,0.06060197,1.123036278,-0.274250372,0.421642034,1.233831527,0.810766969,-0.003110097,-0.326899743,0.31852499,-0.270359025,0.799832529,0.141938606,0.071285632,-0.344155744,1.425091536,0.418162838,0.481271399,0.53291075,0.034233355,0.116518865,0.055287721,1.157943791,-0.295948501,0.418879553,1.296646465,0.810820137,-0.006203564,-0.333340449,0.33352368,-0.271937049,0.827441287,0.146594888,0.07642258,-0.366368901
,,,,,,,,,,,,,,,,,,,,,,,,,,,,,,,,,,,,,,,
1.846809525,-0.00691524,-0.520989951,-0.403580108,-0.36676869,0.254474034,-0.221117776,0.641154044,-0.931792988,0.506714295,0.473427188,1.103377658,-0.134936639,-0.063515915,-0.41295788,-0.221013148,0.46372033,-0.194983368,0.042061431,0.049170829,1.870105461,-0.00505042,-0.560934321,-0.443604297,-0.378893164,0.229269532,-0.218074167,0.65802221,-0.956630664,0.529880113,0.463570295,1.119700403,-0.133178618,-0.056719477,-0.412482509,-0.218638064,0.495561927,-0.187632468,0.034065424,0.02943434
,,,,,,,,,,,,,,,,,,,,,,,,,,,,,,,,,,,,,,,
1.208301174,-0.156741279,0.380255911,0.078702322,0.292908991,0.417590705,0.082912138,-1.221765563,-0.025556894,-1.078497966,0.294316752,0.937048572,0.104891088,-0.371982329,-0.209090052,-0.273346916,0.655276173,-0.014091448,0.020953852,-0.166762514,1.219042441,-0.155673405,0.356532718,0.088492803,0.317287342,0.373717371,0.09000109,-1.223364256,-0.011995129,-1.085350457,0.262112118,0.927777832,0.102200966,-0.365225536,-0.211712269,-0.277191102,0.645894616,-0.010536776,0.00287088,-0.167929946
,,,,,,,,,,,,,,,,,,,,,,,,,,,,,,,,,,,,,,,
1.959356905,-0.430063659,0.307247766,-0.17167972,0.361077956,-0.302240355,1.437538465,-0.200067269,0.010488945,-0.970825876,-0.916181707,0.906727925,0.111968904,0.146137549,0.104403846,-0.356612275,0.676015462,-0.117153014,0.197811024,-0.07127751,2.170386625,-0.642516941,0.322632746,-0.150715979,0.318101082,-0.330780636,1.495641655,-0.143618409,-0.010591607,-1.01423989,-0.952096124,0.878890349,0.169941956,0.137970811,0.091861361,-0.328220388,0.716422199,-0.154075595,0.18535911,-0.063101115
,,,,,,,,,,,,,,,,,,,,,,,,,,,,,,,,,,,,,,,
1.575028562,0.178913672,0.403537515,0.099729163,0.066342211,0.404356806,-1.324307793,0.176647973,-0.838144268,-1.261091978,0.838594591,0.793628345,0.167984051,0.28253131,0.456307102,-0.19945651,0.693160682,0.08361895,0.06240454,-0.096912681,1.588552176,0.183947021,0.509807306,0.090465082,0.073586982,0.437320398,-1.373610757,0.19226739,-0.844459116,-1.313196661,0.874462819,0.803916202,0.169203661,0.260273566,0.45733119,-0.189429282,0.718488773,0.081911189,0.101925305,-0.101017019
,,,,,,,,,,,,,,,,,,,,,,,,,,,,,,,,,,,,,,,
1.547219768,0.503443703,-0.320142335,0.189643601,0.673793851,-0.091226699,1.017077743,0.186307594,-0.452048229,0.342107985,-1.376060242,0.91287254,0.280931174,0.111965259,0.389384488,0.06294117,0.519951557,0.233611474,-0.195448467,-0.140667577,1.585799079,0.516948552,-0.318446077,0.169099856,0.703778221,-0.119824595,1.028470652,0.192232518,-0.459035893,0.342300214,-1.396217914,0.922401703,0.281855945,0.108056141,0.405525767,0.065960681,0.558595021,0.225842883,-0.190450232,-0.142268907
,,,,,,,,,,,,,,,,,,,,,,,,,,,,,,,,,,,,,,,
2.201191784,-0.209106573,-0.598967659,-0.306411012,-0.177384368,-0.0874901,0.263098041,-1.069586841,0.187664997,-1.176765339,-0.301298698,0.543176358,0.193247737,-0.386639613,0.373436465,0.009597583,0.647881086,0.309713806,0.298326761,-0.193077333,2.263902158,-0.220440725,-0.660597292,-0.303809325,-0.171936067,-0.047917669,0.256849803,-1.113296365,0.199578287,-1.207861139,-0.30142296,0.54936137,0.190662976,-0.392000711,0.374755871,0.005813727,0.669829196,0.303186202,0.274500876,-0.182571844
,,,,,,,,,,,,,,,,,,,,,,,,,,,,,,,,,,,,,,,
1.401910055,0.396547671,0.130900657,0.35064522,-0.566219016,0.264735948,-0.28245394,0.491761963,0.442055441,-1.47845535,1.012106252,1.051064544,-0.265474162,-0.128924352,0.116339123,-0.011629681,0.873187244,-0.020167406,0.186160549,-0.057791984,1.475432265,0.480440571,0.130500592,0.3775689,-0.558296049,0.237974602,-0.278201439,0.510252555,0.451551566,-1.527868138,1.019408615,1.062693615,-0.284180676,-0.125264534,0.10596538,-0.015773202,0.88840817,0.001065253,0.182983111,-0.050607604
,,,,,,,,,,,,,,,,,,,,,,,,,,,,,,,,,,,,,,,
1.131788654,-0.051058288,-0.059321751,-0.053854846,0.225680282,0.266673555,-0.591661526,0.969587181,0.411893436,1.093852963,-0.978838721,0.995813641,0.311688154,0.139320386,-0.149270443,0.03047512,0.392881979,-0.100343597,0.151994649,0.069695359,1.145273883,-0.065832484,-0.098489857,-0.063926135,0.246776111,0.246512275,-0.603393284,0.981144293,0.452287224,1.148393493,-1.025311774,1.024371662,0.316402158,0.147258529,-0.150156266,0.025682226,0.41828958,-0.105416802,0.127579239,0.041482343
,,,,,,,,,,,,,,,,,,,,,,,,,,,,,,,,,,,,,,,
1.582717888,0.239201323,0.193710272,0.548585561,0.446100562,-0.467912925,0.274877,-0.053756588,0.642285413,0.982014504,0.562310449,1.475809227,-0.082864318,-0.253192042,-0.023719755,-0.206159791,0.630357319,0.027830263,0.343810241,0.081936961,1.641474755,0.267291128,0.234641434,0.557547013,0.464599588,-0.568929697,0.269636337,-0.049085643,0.662078836,0.985615749,0.596083997,1.492947798,-0.086345467,-0.254952631,-0.013158132,-0.196817898,0.652807657,0.033102542,0.350770423,0.081637941
,,,,,,,,,,,,,,,,,,,,,,,,,,,,,,,,,,,,,,,
0.928604404,-0.27690588,0.445984065,0.014875684,-0.403658973,0.390210424,0.295406292,1.256299029,-0.866416009,-1.039170185,0.283441471,1.1994315,-0.442038289,0.359956618,0.089855431,0.224575191,0.212859309,-0.083335728,0.11864863,0.260252349,0.932148717,-0.277215485,0.432219829,0.01315649,-0.409005745,0.394068498,0.308705716,1.312236472,-0.848228963,-1.046187868,0.298163181,1.214832543,-0.445091294,0.369302116,0.090421335,0.219893035,0.238760903,-0.081310844,0.090461265,0.252558777
,,,,,,,,,,,,,,,,,,,,,,,,,,,,,,,,,,,,,,,
1.815092472,0.187984303,-0.355118882,-0.647540658,-0.360968824,1.521634218,-0.189040061,-0.480547029,-1.059766694,0.128034747,-0.145643123,0.770875179,0.212847918,-0.267250928,0.370206762,0.244439574,0.62278307,0.082569087,-0.179103668,-0.127260962,1.908521782,0.195762626,-0.372295531,-0.727268675,-0.379650319,1.532377007,-0.193249881,-0.495296068,-1.107768496,0.142588836,-0.15125614,0.769736731,0.213254231,-0.266157236,0.378750772,0.247770604,0.655293574,0.082219173,-0.183632743,-0.150802112
,,,,,,,,,,,,,,,,,,,,,,,,,,,,,,,,,,,,,,,
1.797172557,0.637140399,0.140906336,-0.191548039,-0.090178346,-1.348017865,-0.255855132,0.135552831,0.033886397,-1.012782291,0.75169016,0.588699918,0.274034632,0.082857556,0.376515099,-0.105125539,0.601061674,0.195736927,-0.330692892,0.216870201,1.906174279,0.727026897,0.145078044,-0.199887985,-0.079601805,-1.355115118,-0.231189381,0.098062556,0.051205399,-1.005103062,0.759270094,0.586300539,0.266093171,0.083237245,0.372083584,-0.11153265,0.644006996,0.216797048,-0.306524711,0.191920775
,,,,,,,,,,,,,,,,,,,,,,,,,,,,,,,,,,,,,,,
1.965379604,-0.394827167,0.162944291,-0.197332815,-0.525485039,0.573439308,1.168163699,0.731263689,0.489426596,-0.991868866,-1.417656044,0.843675514,-0.189732913,0.436469877,0.365942948,0.297206294,0.688614677,0.096400465,0.035702101,-0.023489493,2.001319874,-0.409063177,0.116461095,-0.215541043,-0.531180831,0.598301602,1.223954047,0.799063632,0.524563866,-1.02188474,-1.499154473,0.841035578,-0.191907758,0.447272254,0.368134186,0.295458005,0.688313394,0.092013064,0.011422455,-0.025918431
,,,,,,,,,,,,,,,,,,,,,,,,,,,,,,,,,,,,,,,
1.504150096,-0.579517595,-0.111360861,0.105619658,-0.013932099,-0.974799276,-0.526177471,-1.297552761,0.511855581,-0.622421985,0.982480002,0.78088396,0.108480879,0.224723165,-0.391504777,0.036286456,0.505388813,0.039640636,0.328262593,0.092300579,1.985734945,-0.870587681,-0.031253198,0.034922169,-0.033015561,-0.667670718,-0.466578074,-1.062248299,0.487014264,-0.596260237,0.983747679,0.791854495,0.109655561,0.215468464,-0.386318509,0.036726057,0.743040667,0.00094798,0.381189617,0.019940068
,,,,,,,,,,,,,,,,,,,,,,,,,,,,,,,,,,,,,,,
1.802870965,-0.61339253,-0.402129581,-0.075172034,-0.01946641,1.480008329,-1.092648911,1.291859701,-0.184534001,1.326556667,0.516424409,0.866110656,-0.326336656,-0.2738264,0.209480637,-0.262517271,0.730411064,0.248498973,0.007963781,0.162615894,1.627152244,-0.442357319,-0.300660185,-0.042049093,-0.143781517,1.554368986,-1.102380785,1.36109573,-0.107149273,1.285743314,0.488186476,0.894325349,-0.359740969,-0.296916467,0.20731046,-0.238853554,0.5990727,0.352170566,-0.000829669,0.176265248
,,,,,,,,,,,,,,,,,,,,,,,,,,,,,,,,,,,,,,,
2.085712498,-0.535550515,-0.65330953,-0.144436845,-0.261109753,-0.291248935,1.387452857,-0.064311152,0.002790585,0.614437562,-0.592361527,0.794027368,-0.279835059,0.390904334,0.37176388,-0.324433388,0.545985791,-0.046826633,0.01189647,0.338331541,2.162985573,-0.604466125,-0.609185145,-0.145451122,-0.311044264,-0.260040519,1.424968796,-0.08096984,0.004266638,0.622282805,-0.610734516,0.793655489,-0.273680594,0.381196882,0.372759377,-0.321821752,0.578762052,-0.055004553,0.017864826,0.327700269
,,,,,,,,,,,,,,,,,,,,,,,,,,,,,,,,,,,,,,,
1.663353203,0.157296907,-0.077307683,0.27911766,-0.530354125,0.281933329,-0.646062332,0.997187607,1.170759462,-0.744786938,0.667426442,0.944693576,0.21204572,0.04976189,-0.152360155,-0.28370767,0.56753327,-0.146739299,0.265042765,0.288400344,1.68550099,0.156676887,-0.065003361,0.378314329,-0.559110839,0.239037876,-0.662194297,0.966586984,1.179527045,-0.754123242,0.730088397,0.976197016,0.216046595,0.04125612,-0.159717116,-0.288825529,0.591785113,-0.14824958,0.259894092,0.309620558
,,,,,,,,,,,,,,,,,,,,,,,,,,,,,,,,,,,,,,,
1.98531284,-0.17244694,-0.418717993,-0.345222206,-0.599070039,0.267328807,-0.46309974,-0.473514617,-0.48634179,-0.907158267,0.802377751,0.606175087,0.053674893,-0.26738125,0.336204531,0.371839972,0.642299491,-0.286232122,-0.209629156,-0.011828808,2.012213194,-0.21276903,-0.420801478,-0.364540864,-0.606753789,0.237534237,-0.475901227,-0.521700498,-0.508134602,-0.925178538,0.799452067,0.603192791,0.063675045,-0.262085111,0.343722681,0.368472395,0.679461085,-0.29183909,-0.198909963,-0.009105341
,,,,,,,,,,,,,,,,,,,,,,,,,,,,,,,,,,,,,,,
1.738344748,-0.040961309,0.058584745,-0.552478218,-0.622322563,0.537288171,-0.305944311,1.445303199,-1.264873243,-0.044385869,0.895463613,0.747425619,-0.015160683,-0.218294145,0.096692005,-0.223953628,0.526289046,0.054314661,0.078729204,0.24583983,1.738037857,-0.052668788,0.074416984,-0.583491577,-0.616399215,0.568015837,-0.294682569,1.504755237,-1.299856298,-0.047478905,0.893597728,0.779764136,-0.014526101,-0.223191885,0.099290085,-0.233673274,0.545044418,0.049362712,0.082318821,0.231419399
,,,,,,,,,,,,,,,,,,,,,,,,,,,,,,,,,,,,,,,
1.465001995,-0.172515289,-0.215757742,-0.539787912,0.363957432,-1.302225283,0.65344576,0.107077481,0.438789864,0.110344292,-0.478584434,1.332615784,0.163156019,-0.108869857,-0.152576334,-0.318867208,0.674166663,0.168159026,-0.25548948,-0.177505867,1.472686661,-0.181866896,-0.231469361,-0.534812275,0.376857012,-1.357873664,0.662054827,0.09284191,0.415123825,0.091191011,-0.464729531,1.340850667,0.163198639,-0.105987106,-0.156477813,-0.319433044,0.686879737,0.155116113,-0.25689512,-0.178489307
,,,,,,,,,,,,,,,,,,,,,,,,,,,,,,,,,,,,,,,
1.571300421,-0.531464806,-0.389870142,0.266444705,-0.536082067,0.718555608,-0.408985373,0.422655851,-1.290592018,-0.146932911,1.43036659,0.870107814,0.324486507,0.017563448,-0.134265802,-0.166936304,0.772949294,0.212981672,-0.235984848,-0.2833603,1.615939123,-0.579543668,-0.409121095,0.277763069,-0.530863294,0.733853199,-0.471879213,0.412852694,-1.32994451,-0.162651922,1.566088064,0.861584768,0.332043358,0.01810978,-0.132106816,-0.168800396,0.787126952,0.197959753,-0.248139998,-0.272474131
,,,,,,,,,,,,,,,,,,,,,,,,,,,,,,,,,,,,,,,
1.553517153,-0.152687963,0.194634401,0.186408941,-0.129363492,-0.87820818,-0.050782809,0.065813603,1.390257765,-0.973432707,-0.013525044,0.674225798,0.229755549,-0.318110599,0.490492433,-0.188105716,0.709237348,0.113526444,-0.306190159,-0.007298306,1.609575662,-0.168611112,0.202084841,0.163489733,-0.137324091,-0.925863472,-0.061677521,0.077067945,1.422310415,-0.984906641,-0.016793942,0.677045649,0.232663607,-0.312798094,0.502088809,-0.188517115,0.726279816,0.107604964,-0.290225408,-0.014947167
,,,,,,,,,,,,,,,,,,,,,,,,,,,,,,,,,,,,,,,
1.427699276,-0.517981001,0.634494297,0.537386622,0.295316805,0.113510124,1.244466367,-1.029178652,-0.726283124,-1.335083446,0.295269612,0.920357147,-0.23237169,0.250352843,0.159122639,-0.214050548,0.538236103,-0.210180763,-0.016481137,0.320351109,1.448391735,-0.536068708,0.621983342,0.556218426,0.309893231,0.116885296,1.267669029,-1.039780642,-0.758109983,-1.391417724,0.314657621,0.920155471,-0.228589071,0.252565537,0.159032736,-0.207228748,0.568987256,-0.206431128,-0.024945815,0.314308736
,,,,,,,,,,,,,,,,,,,,,,,,,,,,,,,,,,,,,,,
1.652739455,0.32073793,-0.538503738,0.234773006,0.188025292,0.068707111,0.791597962,-0.000601681,-0.084755117,0.885442211,-1.389646771,1.078785319,0.423420828,-0.031316312,-0.225864331,-0.050110353,0.741011082,-0.172193732,0.341204939,-0.126124038,1.687148573,0.305260923,-0.610644122,0.258327717,0.193728725,0.105504232,0.800151034,0.024737995,-0.101294166,0.916925779,-1.447782398,1.086469742,0.434245433,-0.028015801,-0.227052556,-0.046386034,0.755601508,-0.175925679,0.312924082,-0.116543362
,,,,,,,,,,,,,,,,,,,,,,,,,,,,,,,,,,,,,,,
1.721265433,0.065136158,0.615116324,-0.046642192,-0.222876844,0.388163784,0.85738377,0.848437827,-0.92401878,0.003551749,-0.607363873,1.043919402,0.16305914,0.47702696,0.180093384,0.109733091,0.85102542,0.12277259,0.237851277,-0.080300228,1.803292882,0.076539862,0.669637435,-0.029583087,-0.210748922,0.323814505,0.869239968,0.837093516,-0.911265084,-0.005333271,-0.613804805,1.032976417,0.161415051,0.464957887,0.177074604,0.106473601,0.888413559,0.120908031,0.232583104,-0.071691768
,,,,,,,,,,,,,,,,,,,,,,,,,,,,,,,,,,,,,,,
1.805206465,0.517893084,0.452635068,-0.361743966,-0.552535434,-1.323829056,0.263822017,-1.205785588,0.099538836,-0.818914847,0.855636803,1.062001579,0.17573696,0.03017403,-0.068564671,-0.187351391,0.475678015,-0.156148029,-0.031502612,0.214906774,1.824663091,0.536647009,0.525714355,-0.361352482,-0.531508007,-1.37976208,0.288415137,-1.269826902,0.128230349,-0.867956742,0.820870056,1.057294258,0.178099203,0.017327539,-0.072074989,-0.194653048,0.491493286,-0.148707801,-0.001022715,0.217645619
,,,,,,,,,,,,,,,,,,,,,,,,,,,,,,,,,,,,,,,
1.498029018,-0.140406122,-0.101526105,0.345888057,0.150275966,0.662212223,0.39112781,0.643723291,-0.486883032,-0.646354466,-0.986724983,0.860001141,-0.180739018,0.3774152,-0.08255049,-0.038048718,0.937418711,-0.098398951,0.070294715,-0.218619206,1.484876371,-0.13443907,-0.110014463,0.381396512,0.161798955,0.765689015,0.408076459,0.641189376,-0.52030933,-0.662443319,-1.020838261,0.885783571,-0.181435952,0.379450316,-0.082503702,-0.036111026,0.947407279,-0.093423373,0.06710502,-0.202899799
,,,,,,,,,,,,,,,,,,,,,,,,,,,,,,,,,,,,,,,
1.224111513,-0.052320831,-0.463571541,0.476592783,0.653548784,0.833301429,-0.064679985,1.233700873,-0.363595945,1.279838168,0.419473801,1.060391711,-0.003800504,0.358953117,-0.28355182,0.230707388,0.562904096,0.20908813,-0.039336641,-0.009740082,1.243447483,-0.064763176,-0.511444062,0.477263715,0.662532799,0.889530824,-0.084106752,1.254966222,-0.374970821,1.304474254,0.427430582,1.08491719,-0.005088809,0.359865167,-0.279558738,0.234133653,0.571307508,0.201221984,-0.066839076,-0.004936221
,,,,,,,,,,,,,,,,,,,,,,,,,,,,,,,,,,,,,,,
1.398931583,-0.440888603,0.57528917,-0.152259719,0.234348813,-0.15710145,-0.549014542,-1.210761023,-0.866259403,-0.907660464,0.790413928,0.789502411,-0.210383106,0.098172965,0.180312579,-0.170196962,0.389015274,-0.061781759,0.277541623,0.324591763,1.409195951,-0.448423762,0.592714352,-0.144171318,0.238263523,-0.172478206,-0.565793112,-1.201591062,-0.890762754,-0.941104619,0.802630388,0.815345016,-0.212881888,0.098679536,0.178332312,-0.165899199,0.408277379,-0.060843382,0.27680279,0.327483078
,,,,,,,,,,,,,,,,,,,,,,,,,,,,,,,,,,,,,,,
1.853936602,-0.366071453,-0.292695739,-0.531557016,0.190392426,0.248443617,0.635106788,-0.775128371,0.342485068,1.443469228,0.375472192,1.046663832,0.008272871,-0.087612329,-0.290226272,0.098619995,0.914960099,0.012120859,0.212983178,-0.20517705,1.913194424,-0.393141787,-0.322321885,-0.52429315,0.204045599,0.255516706,0.646273144,-0.813869025,0.348514845,1.506917879,0.390108906,1.044631464,0.012225066,-0.071650928,-0.294081909,0.088739035,0.927883816,0.007397775,0.205947922,-0.192035386
,,,,,,,,,,,,,,,,,,,,,,,,,,,,,,,,,,,,,,,
1.697456284,-0.173527915,0.424617663,-0.484282707,0.00619114,0.699001638,-1.36366818,-1.171272264,0.713834432,-0.632156354,0.70039874,0.860267446,0.123462956,-0.135388364,0.081386795,-0.257767006,0.665552064,0.023700665,0.067830001,0.23106632,1.740262821,-0.189859251,0.467525128,-0.529899775,-0.003703898,0.754736734,-1.406805717,-1.136235699,0.695939029,-0.640126352,0.708322617,0.918221597,0.124818909,-0.135942029,0.080586652,-0.261094089,0.688506723,0.0187205,0.084925019,0.210409591
,,,,,,,,,,,,,,,,,,,,,,,,,,,,,,,,,,,,,,,
1.630369491,0.45254688,-0.3608467,-0.257790386,-0.233016355,-0.678054673,0.835189998,-0.004188769,-0.315154036,-0.713334283,-0.280775366,0.745762498,0.199653787,-0.003557136,-0.096732771,0.001358864,0.644427305,0.006510539,0.070321853,0.181620252,1.649049716,0.51215745,-0.421377543,-0.219455647,-0.27546748,-0.692569346,0.856459316,0.015291456,-0.323872754,-0.745886398,-0.287602194,0.74087153,0.186316693,0.0082491,-0.110271486,0.007159364,0.648068239,0.023361206,0.051592819,0.191509282
,,,,,,,,,,,,,,,,,,,,,,,,,,,,,,,,,,,,,,,
1.514738251,-0.063258701,0.071535147,0.377129058,0.572623152,0.236291656,-1.203576768,0.774206903,0.28189268,-0.73192116,0.666836305,0.73305594,0.218385728,0.02348191,0.227098636,-0.480942974,0.845947851,-0.147406499,0.061329681,0.037728082,1.571816589,-0.070331169,0.139086281,0.391743291,0.587947333,0.212716266,-1.229889427,0.775005138,0.293476283,-0.727683519,0.707274972,0.7199975,0.217549889,0.008898532,0.22384624,-0.484864838,0.88131566,-0.14403819,0.071848083,0.03047572
,,,,,,,,,,,,,,,,,,,,,,,,,,,,,,,,,,,,,,,
1.316195911,-0.012842892,-0.566464788,0.278800858,-0.478318796,0.496459965,-0.961415108,0.218375173,0.831283309,0.617810444,1.160624422,1.250062745,-0.201517243,-0.168186415,-0.277020849,-0.316950824,0.52581071,-0.337219113,0.059915149,0.320039343,1.312033156,-0.031357173,-0.582642925,0.315808779,-0.450114331,0.460865047,-0.965422223,0.204541347,0.884689858,0.656498724,1.215945349,1.295363917,-0.193031184,-0.175862544,-0.283047072,-0.327284408,0.537173491,-0.338462787,0.048389438,0.31494168
,,,,,,,,,,,,,,,,,,,,,,,,,,,,,,,,,,,,,,,
1.5250053,-0.466756511,-0.101584939,0.624375039,-0.290443155,-0.783901841,-0.128082833,0.84655901,1.199333718,0.055559275,-0.695172642,0.935851573,0.082827456,0.16405916,-0.255400331,-0.174403355,0.6467369,0.03366836,0.001446114,0.314970863,1.55329329,-0.475333583,-0.12091361,0.632313793,-0.30576809,-0.779024557,-0.133402872,0.870572227,1.243589916,0.052630072,-0.70836046,0.940121279,0.081633373,0.167645167,-0.258173352,-0.17350531,0.687007924,0.034167765,-0.000911781,0.304915141
,,,,,,,,,,,,,,,,,,,,,,,,,,,,,,,,,,,,,,,
1.743059172,-0.18134521,0.53930899,0.458543791,0.285509908,0.07310212,-0.760969461,-1.157696698,0.543727545,-0.478780508,0.756657767,0.954927396,0.028192954,-0.383694084,0.244966155,0.320003251,0.727077303,-0.206422809,-0.269388749,0.094869903,1.790891738,-0.191564218,0.504335919,0.457211604,0.317922945,0.061052195,-0.770561081,-1.205429108,0.56782984,-0.514487383,0.760734091,0.965932608,0.030951159,-0.379641514,0.247298424,0.319768974,0.747901206,-0.203767109,-0.278855057,0.087731943
,,,,,,,,,,,,,,,,,,,,,,,,,,,,,,,,,,,,,,,
1.891915197,-0.280712369,-0.198262432,-0.53515798,-0.55703123,0.231261508,0.550839944,0.151533185,0.989586644,-0.084248988,-1.277939159,1.113790044,-0.358223547,0.280223585,0.072674601,-0.065477306,0.763272373,-0.21326075,0.117412211,0.109507675,1.862633817,-0.280719267,-0.171690766,-0.520374275,-0.555180224,0.278854151,0.56718398,0.12679663,1.025431094,-0.102748099,-1.321062388,1.121107266,-0.358675477,0.274315232,0.063284625,-0.067179617,0.761424477,-0.213716982,0.121206093,0.108028123
,,,,,,,,,,,,,,,,,,,,,,,,,,,,,,,,,,,,,,,
1.80298921,0.25753009,0.265270784,0.041039598,-0.473232108,-0.453212742,-0.526996066,-1.128136473,0.781548425,0.607654994,-0.380656448,1.02849733,0.333109006,0.253419147,0.100387897,-0.102117829,0.76021832,-0.120683835,-0.116020182,0.282163211,1.897221401,0.317480509,0.271318955,0.075947191,-0.525475978,-0.470310188,-0.534356512,-1.115274628,0.777098845,0.617281227,-0.365417839,1.018142659,0.316671671,0.254690507,0.095382194,-0.08533874,0.791292517,-0.106687925,-0.10871236,0.277198106
,,,,,,,,,,,,,,,,,,,,,,,,,,,,,,,,,,,,,,,
1.867526217,-0.152755757,0.324830148,-0.343558249,-0.542538962,-1.111534376,-0.663092779,-0.624208766,0.900766704,-0.871843286,-0.139475989,1.078321511,0.353683953,0.448462617,-0.304946969,-0.170515918,0.752117461,-0.039044326,0.274817244,0.158102276,1.963488626,-0.131084179,0.337533525,-0.420827357,-0.557702401,-1.1529999,-0.706774738,-0.680990196,0.958490296,-0.891741524,-0.110540642,1.078630582,0.351835478,0.446019076,-0.299644414,-0.168529906,0.792457782,-0.026758779,0.268289545,0.134848818
,,,,,,,,,,,,,,,,,,,,,,,,,,,,,,,,,,,,,,,
1.074465597,-0.430561993,0.582700448,0.076023154,-0.284104162,0.565037115,-0.135151854,-0.171158575,-0.360600713,1.390630313,-0.403747966,1.251922906,0.272324476,0.243520266,-0.332134981,-0.368733104,0.469133574,0.0223518,0.005833003,0.208617654,1.089261827,-0.440795235,0.57209941,0.074680139,-0.286659517,0.359948904,-0.137539521,-0.126091072,-0.375055968,1.471346449,-0.412835717,1.255487096,0.272228511,0.254161612,-0.333337377,-0.374584932,0.495470172,0.016162224,0.000180782,0.205918314
,,,,,,,,,,,,,,,,,,,,,,,,,,,,,,,,,,,,,,,
1.100378455,-0.108630156,-0.07176478,0.519054913,-0.005868202,0.171499326,0.897422457,-0.332732052,-0.751513022,0.509897483,-1.386444003,0.961694224,0.038877588,-0.125647601,-0.19191716,-0.054813513,0.614014137,0.333583825,-0.223021436,0.065876648,1.044315259,-0.109061174,-0.071559272,0.542080631,-0.004697245,0.149153296,0.925055679,-0.348106526,-0.741169804,0.498431683,-1.429597499,0.965848695,0.03596253,-0.123452958,-0.19025128,-0.054401478,0.627575248,0.327837974,-0.214379784,0.076974631
,,,,,,,,,,,,,,,,,,,,,,,,,,,,,,,,,,,,,,,
1.290865136,0.343425833,0.118482584,0.500384921,0.606659153,-0.956806539,-0.837644621,-0.40908007,0.49361455,1.471863262,0.623943897,0.877868198,0.216849445,0.417615854,0.267261737,0.147622486,0.729279842,0.0669472,0.21354609,0.121462788,1.305542486,0.360403778,0.128321565,0.491346852,0.609710698,-0.985167215,-0.868522534,-0.437988279,0.496945471,1.502125715,0.658642181,0.87903708,0.215406684,0.415769107,0.270970141,0.152412849,0.751572879,0.07052028,0.207937507,0.115572922
,,,,,,,,,,,,,,,,,,,,,,,,,,,,,,,,,,,,,,,
1.456772841,0.524715623,0.35477691,-0.16143894,-0.403755175,0.553527262,0.441965464,-0.294357593,0.373384402,0.055124198,0.31143036,1.10457325,0.122459239,-0.431708078,0.403391055,0.48896361,0.807068481,0.07881358,0.254540785,-0.148767826,1.50157945,0.594056993,0.335660129,-0.149149565,-0.388899262,0.485237826,0.475566795,-0.266588215,0.37796257,0.053490075,0.306841142,1.101301394,0.109731637,-0.417846469,0.40140951,0.492698276,0.796298567,0.102038786,0.248352946,-0.135557047
,,,,,,,,,,,,,,,,,,,,,,,,,,,,,,,,,,,,,,,
0.866208663,0.116257202,-0.244176465,0.222997686,-0.343764598,-0.40340484,0.54232623,-0.564666228,0.909125775,-0.59155218,-0.186105211,1.544981584,-0.00488488,0.337877707,-0.31130206,0.20803979,0.64919584,-0.055422406,-0.071029607,0.212556915,0.852704024,0.114063881,-0.233856105,0.218803536,-0.338900338,-0.357812567,0.56390912,-0.576796981,0.918996695,-0.616085597,-0.191292287,1.55491573,-0.003815006,0.335979391,-0.311658467,0.206698099,0.624515507,-0.054636008,-0.065435338,0.215696906
,,,,,,,,,,,,,,,,,,,,,,,,,,,,,,,,,,,,,,,
1.578832866,-0.670553762,0.3805509,-0.043142463,0.174190625,-0.711954708,0.352281512,1.20636323,0.607994288,0.222737934,-1.098802952,1.039899762,0.460770817,0.435218346,-0.115181055,0.150428914,0.507188614,-0.021951503,0.117536139,0.061862665,1.632600084,-0.716611961,0.32407508,-0.036500412,0.201730944,-0.746262597,0.357133845,1.221783783,0.706251587,0.20752582,-1.103106411,1.040890138,0.459502489,0.444054576,-0.116373161,0.153526793,0.527040334,-0.038583414,0.090792023,0.067301182
,,,,,,,,,,,,,,,,,,,,,,,,,,,,,,,,,,,,,,,
1.398423218,-0.119434987,-0.406681375,-0.278916035,-0.04501706,-0.235562705,0.246156895,0.080531343,0.288632913,1.412281552,-0.436021122,0.858885776,0.030835942,0.203122552,0.130628127,-0.385921724,0.658529871,0.088530859,0.026482622,0.284433351,1.431986692,-0.135751293,-0.450141248,-0.30731551,-0.059396125,-0.278655213,0.258128798,0.065424313,0.30660388,1.434423946,-0.466380799,0.865933996,0.03238071,0.204519348,0.137021192,-0.379591127,0.692512614,0.078666439,0.003679632,0.267821444
,,,,,,,,,,,,,,,,,,,,,,,,,,,,,,,,,,,,,,,
2.035866039,-0.151166919,-0.366209083,-0.42561852,0.159241884,-0.109429232,-0.40010997,0.172994642,-0.390338412,-1.432542659,-1.457312692,1.034917154,0.410277095,0.112544352,0.102340624,-0.440243974,0.695461196,0.053766575,-0.160685229,-0.000309243,2.137299066,-0.186306789,-0.396931657,-0.447559568,0.18941969,-0.112762569,-0.419602798,0.193619098,-0.363106495,-1.464101523,-1.470576019,1.022334631,0.418371252,0.123239946,0.107124489,-0.454486913,0.721586414,0.043737547,-0.1573329,0.004579719
,,,,,,,,,,,,,,,,,,,,,,,,,,,,,,,,,,,,,,,
2.119685128,-0.165503979,-0.402422163,-0.641571399,-0.195805042,0.745624186,0.166754049,1.259033323,-0.137620236,-0.075553104,-0.488153668,1.027697237,0.109775438,0.435570123,0.340293221,0.103166695,0.728499627,-0.233178264,0.262378988,-0.289268391,2.165192145,-0.198173835,-0.434789281,-0.636748538,-0.187591694,0.739801754,0.168674668,1.26279215,-0.139390653,-0.065583292,-0.496737274,1.015843765,0.120465764,0.443545315,0.338549803,0.096199079,0.74908838,-0.236348907,0.25150834,-0.269058921